cycle_id,expiry,stage,action,timestamp,reason,legs_summary,cycle_realized_pnl,cycle_gross_pnl,cycle_net_pnl,friction,spot
CYCLE-01-2026-07-07,2026-07-07,CONDOR,ENTRY_CONDOR,2026-07-01 09:20:00,Initial Iron Condor Entry,Sell 24150.0CE (Δ0.32) + Buy 24400.0CE | Sell 23750.0PE (Δ0.32) + Buy 23400.0PE,0.0,0.0,-114.28699669131501,114.28699669131501,23920.6
CYCLE-01-2026-07-07,2026-07-07,CONDOR,EXIT_CONDOR,2026-07-02 14:41:00,Condor Exit (Short PE Δ=0.10 <= 0.1),BUY 65 NIFTY 24150.0 CE @ ₹149.80 (PnL ₹-3990); SELL 65 NIFTY 24400.0 CE @ ₹38.11 (PnL ₹447); BUY 65 NIFTY 23750.0 PE @ ₹15.87 (PnL ₹4407); SELL 65 NIFTY 23400.0 PE @ ₹2.90 (PnL ₹-1145),-281.39326156767993,-281.39326156767993,-501.0108468162187,219.61758524853877,24178.7
CYCLE-01-2026-07-07,2026-07-07,RATIO,ENTRY_RATIO,2026-07-02 14:41:00,Transition from Condor to PE Ratio (Short PE Δ=0.10),Buy 1x 24200.0PE (Δ0.49) | Sell 2x 24150.0PE (Δ0.43) | Buy 1x 23750.0PE (Δ0.10),-281.39326156767993,-281.39326156767993,-595.7295513805836,314.3362898129038,24178.7
CYCLE-01-2026-07-07,2026-07-07,RATIO,SHIFT_RATIO,2026-07-06 12:31:00,Continuation Shift #1 (Sold Δ=0.10 <= 0.10),SELL 65 NIFTY 24200.0 PE @ ₹14.44 (PnL ₹-6329); BUY 130 NIFTY 24150.0 PE @ ₹10.86 (PnL ₹10380); SELL 65 NIFTY 23750.0 PE @ ₹0.05 (PnL ₹-1028),2741.4089884323207,2741.4089884323207,2353.8974605921767,387.5115278401438,24447.8
CYCLE-01-2026-07-07,2026-07-07,RATIO,SHIFT_RATIO,2026-07-06 12:31:00,Continuation Shift #1 (Sold Δ=0.10 <= 0.10),Shifted: Buy 24400.0PE | Sell 2x 24350.0PE | Buy 24100.0PE,2741.4089884323207,2741.4089884323207,2272.414264764327,468.9947236679938,24447.8
CYCLE-01-2026-07-07,2026-07-07,RATIO,SHIFT_RATIO,2026-07-07 11:11:00,Continuation Shift #2 (Sold Δ=0.10 <= 0.10),SELL 65 NIFTY 24400.0 PE @ ₹9.69 (PnL ₹-2958); BUY 130 NIFTY 24350.0 PE @ ₹5.81 (PnL ₹4336); SELL 65 NIFTY 24100.0 PE @ ₹1.80 (PnL ₹-452),3666.657988432322,3666.657988432322,3125.206209031658,541.4517794006638,24509.5
CYCLE-01-2026-07-07,2026-07-07,RATIO,SHIFT_RATIO,2026-07-07 11:11:00,Continuation Shift #2 (Sold Δ=0.10 <= 0.10),Shifted: Buy 24500.0PE | Sell 2x 24450.0PE | Buy 24300.0PE,3666.657988432322,3666.657988432322,3049.138172708498,617.5198157238237,24509.5
CYCLE-01-2026-07-07,2026-07-07,RATIO,REVERSE_RATIO,2026-07-07 13:12:00,Reversal Flip #1 to CE (Sold Δ=0.62 >= 0.60),SELL 65 NIFTY 24500.0 PE @ ₹83.62 (PnL ₹3086); BUY 130 NIFTY 24450.0 PE @ ₹43.24 (PnL ₹-3329); SELL 65 NIFTY 24300.0 PE @ ₹3.75 (PnL ₹-17),3406.7067384323223,3406.7067384323223,2705.8592670315334,700.8474714007888,24425.6
CYCLE-01-2026-07-07,2026-07-07,RATIO,REVERSE_RATIO,2026-07-07 13:12:00,Reversal Flip #1 to CE (Sold Δ=0.62 >= 0.60),Reversed: Buy 24450.0CE | Sell 2x 24450.0CE | Buy 24500.0CE,3406.7067384323223,3406.7067384323223,2631.3032791220285,775.4034593102938,24425.6
CYCLE-01-2026-07-07,2026-07-07,RATIO,REVERSE_RATIO,2026-07-07 14:08:00,Reversal Flip #2 to PE (Sold Δ=0.61 >= 0.60),SELL 65 NIFTY 24450.0 CE @ ₹19.83 (PnL ₹349); BUY 130 NIFTY 24450.0 CE @ ₹19.87 (PnL ₹-706); SELL 65 NIFTY 24500.0 CE @ ₹5.24 (PnL ₹42),3090.6279884323226,3090.6279884323226,2240.2265570172085,850.4014314151138,24459.85
CYCLE-01-2026-07-07,2026-07-07,RATIO,REVERSE_RATIO,2026-07-07 14:08:00,Reversal Flip #2 to PE (Sold Δ=0.61 >= 0.60),Reversed: Buy 24450.0PE | Sell 2x 24450.0PE | Buy 24400.0PE,3090.6279884323226,3090.6279884323226,2165.3592626084337,925.2687258238889,24459.85
CYCLE-01-2026-07-07,2026-07-07,RATIO,REVERSE_RATIO,2026-07-07 15:00:00,Reversal Flip #3 to CE (Sold Δ=0.65 >= 0.60),SELL 65 NIFTY 24450.0 PE @ ₹19.38 (PnL ₹232); BUY 130 NIFTY 24450.0 PE @ ₹19.42 (PnL ₹-473); SELL 65 NIFTY 24400.0 PE @ ₹3.05 (PnL ₹-65),2784.302488432323,2784.302488432323,1784.3459725468892,999.9565158854339,24437.5
CYCLE-01-2026-07-07,2026-07-07,RATIO,REVERSE_RATIO,2026-07-07 15:00:00,Reversal Flip #3 to CE (Sold Δ=0.65 >= 0.60),Reversed: Buy 24450.0CE | Sell 2x 24450.0CE | Buy 24500.0CE,2784.302488432323,2784.302488432323,1712.9739125637843,1071.3285758685388,24437.5
CYCLE-01-2026-07-07,2026-07-07,RATIO,SHIFT_RATIO,2026-07-07 15:02:00,Continuation Shift #3 (Sold Δ=0.07 <= 0.10),SELL 65 NIFTY 24450.0 CE @ ₹0.55 (PnL ₹-111); BUY 130 NIFTY 24450.0 CE @ ₹0.55 (PnL ₹221); SELL 65 NIFTY 24500.0 CE @ ₹0.20 (PnL ₹-13),2881.217488432323,2881.217488432323,1738.9669613244394,1142.2505271078837,24418.6
CYCLE-01-2026-07-07,2026-07-07,RATIO,SHIFT_RATIO,2026-07-07 15:02:00,Continuation Shift #3 (Sold Δ=0.07 <= 0.10),Shifted: Buy 24450.0CE | Sell 2x 24450.0CE | Buy 24450.0CE,2881.217488432323,2881.217488432323,1668.008846939439,1213.208641492884,24418.6
CYCLE-01-2026-07-07,2026-07-07,RATIO,SHIFT_RATIO,2026-07-07 15:03:00,Continuation Shift #4 (Sold Δ=0.10 <= 0.10),SELL 65 NIFTY 24450.0 CE @ ₹0.70 (PnL ₹10); BUY 130 NIFTY 24450.0 CE @ ₹0.70 (PnL ₹-20); SELL 65 NIFTY 24450.0 CE @ ₹0.70 (PnL ₹10),2880.8924884323233,2880.8924884323233,1596.6826104494392,1284.209877982884,24429.3
CYCLE-01-2026-07-07,2026-07-07,RATIO,SHIFT_RATIO,2026-07-07 15:03:00,Continuation Shift #4 (Sold Δ=0.10 <= 0.10),Shifted: Buy 24450.0CE | Sell 2x 24450.0CE | Buy 24450.0CE,2880.8924884323233,2880.8924884323233,1525.6813739594393,1355.211114472884,24429.3
CYCLE-01-2026-07-07,2026-07-07,RATIO,SHIFT_RATIO,2026-07-07 15:04:00,Continuation Shift #5 (Sold Δ=0.07 <= 0.10),SELL 65 NIFTY 24450.0 CE @ ₹0.45 (PnL ₹-16); BUY 130 NIFTY 24450.0 CE @ ₹0.45 (PnL ₹32); SELL 65 NIFTY 24450.0 CE @ ₹0.45 (PnL ₹-16),2880.5934884323233,2880.5934884323233,1454.4530076444394,1426.140480787884,24426.5
CYCLE-01-2026-07-07,2026-07-07,RATIO,SHIFT_RATIO,2026-07-07 15:04:00,Continuation Shift #5 (Sold Δ=0.07 <= 0.10),Shifted: Buy 24450.0CE | Sell 2x 24450.0CE | Buy 24450.0CE,2880.5934884323233,2880.5934884323233,1383.5236413294392,1497.069847102884,24426.5
CYCLE-01-2026-07-07,2026-07-07,RATIO,EXIT_ALL,2026-07-07 15:15:00,Expiry Day EOD Square-Off,SELL 65 NIFTY 24450.0 CE @ ₹0.15 (PnL ₹-20); BUY 130 NIFTY 24450.0 CE @ ₹0.15 (PnL ₹39); SELL 65 NIFTY 24450.0 CE @ ₹0.15 (PnL ₹-20),2880.4374884323233,2880.4374884323233,1312.5245192244392,1567.912969207884,24400.65
CYCLE-02-2026-07-14,2026-07-14,CONDOR,ENTRY_CONDOR,2026-07-08 09:20:00,Initial Iron Condor Entry,Sell 24500.0CE (Δ0.28) + Buy 24750.0CE | Sell 24100.0PE (Δ0.31) + Buy 23800.0PE,0.0,0.0,-110.39657768306,110.39657768306,24284.95
CYCLE-02-2026-07-14,2026-07-14,CONDOR,EXIT_CONDOR,2026-07-08 14:10:00,Condor Exit (Short CE Δ=0.10 <= 0.1),BUY 65 NIFTY 24500.0 CE @ ₹20.25 (PnL ₹2463); SELL 65 NIFTY 24750.0 CE @ ₹5.45 (PnL ₹-772); BUY 65 NIFTY 24100.0 PE @ ₹314.56 (PnL ₹-15206); SELL 65 NIFTY 23800.0 PE @ ₹158.59 (PnL ₹8786),-4728.942528239348,-4728.942528239348,-4964.223537779459,235.28100954011134,23908.3
CYCLE-02-2026-07-14,2026-07-14,RATIO,ENTRY_RATIO,2026-07-08 14:10:00,Transition from Condor to CE Ratio (Short CE Δ=0.10),Buy 1x 23950.0CE (Δ0.49) | Sell 2x 24050.0CE (Δ0.40) | Buy 1x 24400.0CE (Δ0.16),-4728.942528239348,-4728.942528239348,-5071.251078846839,342.3085506074914,23908.3
CYCLE-02-2026-07-14,2026-07-14,RATIO,REVERSE_RATIO,2026-07-09 10:42:00,Reversal Flip #1 to PE (Sold Δ=0.60 >= 0.60),SELL 65 NIFTY 23950.0 CE @ ₹253.25 (PnL ₹4945); BUY 130 NIFTY 24050.0 CE @ ₹191.54 (PnL ₹-7647); SELL 65 NIFTY 24400.0 CE @ ₹45.95 (PnL ₹378),-7053.667528239343,-7053.667528239343,-7513.189014453274,459.5214862139314,24112.05
CYCLE-02-2026-07-14,2026-07-14,RATIO,REVERSE_RATIO,2026-07-09 10:42:00,Reversal Flip #1 to PE (Sold Δ=0.60 >= 0.60),Reversed: Buy 24150.0PE | Sell 2x 24050.0PE | Buy 23600.0PE,-7053.667528239343,-7053.667528239343,-7614.171770182504,560.5042419431613,24112.05
CYCLE-02-2026-07-14,2026-07-14,RATIO,REVERSE_RATIO,2026-07-14 14:49:00,Reversal Flip #2 to CE (Sold Δ=0.60 >= 0.60),SELL 65 NIFTY 24150.0 PE @ ₹133.42 (PnL ₹-1621); BUY 130 NIFTY 24050.0 PE @ ₹41.84 (PnL ₹8983); SELL 65 NIFTY 23600.0 PE @ ₹0.20 (PnL ₹-1340),-1032.6167782393422,-1032.6167782393422,-1681.1193755984987,648.5025973591563,24029.8
CYCLE-02-2026-07-14,2026-07-14,RATIO,REVERSE_RATIO,2026-07-14 14:49:00,Reversal Flip #2 to CE (Sold Δ=0.60 >= 0.60),Reversed: Buy 24050.0CE | Sell 2x 24050.0CE | Buy 24100.0CE,-1032.6167782393422,-1032.6167782393422,-1753.7485269739786,721.1317487346363,24029.8
CYCLE-02-2026-07-14,2026-07-14,RATIO,REVERSE_RATIO,2026-07-14 15:00:00,Reversal Flip #3 to PE (Sold Δ=0.68 >= 0.60),SELL 65 NIFTY 24050.0 CE @ ₹19.63 (PnL ₹811); BUY 130 NIFTY 24050.0 CE @ ₹19.67 (PnL ₹-1628); SELL 65 NIFTY 24100.0 CE @ ₹3.15 (PnL ₹104),-1746.6482782393418,-1746.6482782393418,-2542.524188719528,795.8759104801863,24063.7
CYCLE-02-2026-07-14,2026-07-14,RATIO,REVERSE_RATIO,2026-07-14 15:00:00,Reversal Flip #3 to PE (Sold Δ=0.68 >= 0.60),Reversed: Buy 24050.0PE | Sell 2x 24050.0PE | Buy 24000.0PE,-1746.6482782393418,-1746.6482782393418,-2615.291245941658,868.6429677023162,24063.7
CYCLE-02-2026-07-14,2026-07-14,RATIO,SHIFT_RATIO,2026-07-14 15:09:00,Continuation Shift #1 (Sold Δ=0.10 <= 0.10),SELL 65 NIFTY 24050.0 PE @ ₹0.45 (PnL ₹-472); BUY 130 NIFTY 24050.0 PE @ ₹0.45 (PnL ₹941); SELL 65 NIFTY 24000.0 PE @ ₹0.25 (PnL ₹-88),-1364.8577782393418,-1364.8577782393418,-2304.409447601998,939.5516693626562,24064.35
CYCLE-02-2026-07-14,2026-07-14,RATIO,SHIFT_RATIO,2026-07-14 15:09:00,Continuation Shift #1 (Sold Δ=0.10 <= 0.10),Shifted: Buy 24050.0PE | Sell 2x 24050.0PE | Buy 24050.0PE,-1364.8577782393418,-1364.8577782393418,-2375.338813916998,1010.4810356776561,24064.35
CYCLE-02-2026-07-14,2026-07-14,RATIO,EXIT_ALL,2026-07-14 15:15:00,Expiry Day EOD Square-Off,SELL 65 NIFTY 24050.0 PE @ ₹2.10 (PnL ₹107); BUY 130 NIFTY 24050.0 PE @ ₹2.10 (PnL ₹-215); SELL 65 NIFTY 24050.0 PE @ ₹2.10 (PnL ₹107),-1365.5207782393418,-1365.5207782393418,-2447.4055233869976,1081.884745147656,24051.75
CYCLE-03-2026-07-21,2026-07-21,CONDOR,ENTRY_CONDOR,2026-07-15 09:20:00,Initial Iron Condor Entry,Sell 24400.0CE (Δ0.28) + Buy 24650.0CE | Sell 23950.0PE (Δ0.30) + Buy 23650.0PE,0.0,0.0,-111.540894037865,111.540894037865,24159.55
CYCLE-03-2026-07-21,2026-07-21,CONDOR,EXIT_CONDOR,2026-07-20 13:46:00,Condor Exit (Short PE Δ=0.10 <= 0.1),BUY 65 NIFTY 24400.0 CE @ ₹24.12 (PnL ₹2484); SELL 65 NIFTY 24650.0 CE @ ₹2.55 (PnL ₹-1061); BUY 65 NIFTY 23950.0 PE @ ₹10.41 (PnL ₹4823); SELL 65 NIFTY 23650.0 PE @ ₹0.05 (PnL ₹-1897),4349.65375,4349.65375,4142.049826305405,207.603923694595,24245.1
CYCLE-03-2026-07-21,2026-07-21,RATIO,ENTRY_RATIO,2026-07-20 13:46:00,Transition from Condor to PE Ratio (Short PE Δ=0.10),Buy 1x 24250.0PE (Δ0.50) | Sell 2x 24200.0PE (Δ0.40) | Buy 1x 23950.0PE (Δ0.10),4349.65375,4349.65375,4056.1209169462054,293.532833053795,24245.1
CYCLE-03-2026-07-21,2026-07-21,RATIO,REVERSE_RATIO,2026-07-21 10:50:00,Reversal Flip #1 to CE (Sold Δ=0.60 >= 0.60),SELL 65 NIFTY 24250.0 PE @ ₹94.95 (PnL ₹1123); BUY 130 NIFTY 24200.0 PE @ ₹58.91 (PnL ₹-385); SELL 65 NIFTY 23950.0 PE @ ₹2.65 (PnL ₹-505),4582.652750000003,4582.652750000003,4203.468143217208,379.184606782795,24170.35
CYCLE-03-2026-07-21,2026-07-21,RATIO,REVERSE_RATIO,2026-07-21 10:50:00,Reversal Flip #1 to CE (Sold Δ=0.60 >= 0.60),Reversed: Buy 24150.0CE | Sell 2x 24200.0CE | Buy 24300.0CE,4582.652750000003,4582.652750000003,4124.786933940943,457.86581605905997,24170.35
CYCLE-03-2026-07-21,2026-07-21,RATIO,SHIFT_RATIO,2026-07-21 15:10:00,Continuation Shift #1 (Sold Δ=0.07 <= 0.10),SELL 65 NIFTY 24150.0 CE @ ₹32.17 (PnL ₹-1188); BUY 130 NIFTY 24200.0 CE @ ₹0.35 (PnL ₹3461); SELL 65 NIFTY 24300.0 CE @ ₹0.10 (PnL ₹-420),6435.546000000004,6435.546000000004,5903.514550259664,532.03144974034,24180.95
CYCLE-03-2026-07-21,2026-07-21,RATIO,SHIFT_RATIO,2026-07-21 15:10:00,Continuation Shift #1 (Sold Δ=0.07 <= 0.10),Shifted: Buy 24200.0CE | Sell 2x 24200.0CE | Buy 24200.0CE,6435.546000000004,6435.546000000004,5832.613932014664,602.9320679853399,24180.95
CYCLE-03-2026-07-21,2026-07-21,RATIO,SHIFT_RATIO,2026-07-21 15:11:00,Continuation Shift #2 (Sold Δ=0.09 <= 0.10),SELL 65 NIFTY 24200.0 CE @ ₹0.45 (PnL ₹6); BUY 130 NIFTY 24200.0 CE @ ₹0.45 (PnL ₹-13); SELL 65 NIFTY 24200.0 CE @ ₹0.45 (PnL ₹6),6435.338000000004,6435.338000000004,5761.476565699664,673.86143430034,24184.3
CYCLE-03-2026-07-21,2026-07-21,RATIO,SHIFT_RATIO,2026-07-21 15:11:00,Continuation Shift #2 (Sold Δ=0.09 <= 0.10),Shifted: Buy 24200.0CE | Sell 2x 24200.0CE | Buy 24200.0CE,6435.338000000004,6435.338000000004,5690.547199384664,744.7908006153399,24184.3
CYCLE-03-2026-07-21,2026-07-21,RATIO,SHIFT_RATIO,2026-07-21 15:12:00,Continuation Shift #3 (Sold Δ=0.10 <= 0.10),SELL 65 NIFTY 24200.0 CE @ ₹0.45 (PnL ₹-0); BUY 130 NIFTY 24200.0 CE @ ₹0.45 (PnL ₹-0); SELL 65 NIFTY 24200.0 CE @ ₹0.45 (PnL ₹-0),6435.104000000004,6435.104000000004,5619.3838330696635,815.7201669303399,24186.2
CYCLE-03-2026-07-21,2026-07-21,RATIO,SHIFT_RATIO,2026-07-21 15:12:00,Continuation Shift #3 (Sold Δ=0.10 <= 0.10),Shifted: Buy 24200.0CE | Sell 2x 24200.0CE | Buy 24200.0CE,6435.104000000004,6435.104000000004,5548.454466754664,886.6495332453399,24186.2
CYCLE-03-2026-07-21,2026-07-21,RATIO,SHIFT_RATIO,2026-07-21 15:13:00,Continuation Shift #4 (Sold Δ=0.06 <= 0.10),SELL 65 NIFTY 24200.0 CE @ ₹0.25 (PnL ₹-13); BUY 130 NIFTY 24200.0 CE @ ₹0.25 (PnL ₹26); SELL 65 NIFTY 24200.0 CE @ ₹0.25 (PnL ₹-13),6434.922000000004,6434.922000000004,5477.400596579664,957.5214034203399,24182.05
CYCLE-03-2026-07-21,2026-07-21,RATIO,SHIFT_RATIO,2026-07-21 15:13:00,Continuation Shift #4 (Sold Δ=0.06 <= 0.10),Shifted: Buy 24200.0CE | Sell 2x 24200.0CE | Buy 24200.0CE,6434.922000000004,6434.922000000004,5406.528726404664,1028.39327359534,24182.05
CYCLE-03-2026-07-21,2026-07-21,RATIO,SHIFT_RATIO,2026-07-21 15:14:00,Continuation Shift #5 (Sold Δ=0.06 <= 0.10),SELL 65 NIFTY 24200.0 CE @ ₹0.20 (PnL ₹-3); BUY 130 NIFTY 24200.0 CE @ ₹0.20 (PnL ₹6); SELL 65 NIFTY 24200.0 CE @ ₹0.20 (PnL ₹-3),6434.805000000004,6434.805000000004,5335.5542302646645,1099.2507697353399,24184.1
CYCLE-03-2026-07-21,2026-07-21,RATIO,SHIFT_RATIO,2026-07-21 15:14:00,Continuation Shift #5 (Sold Δ=0.06 <= 0.10),Shifted: Buy 24200.0CE | Sell 2x 24200.0CE | Buy 24200.0CE,6434.805000000004,6434.805000000004,5264.696734124664,1170.1082658753398,24184.1
CYCLE-03-2026-07-21,2026-07-21,RATIO,EXIT_ALL,2026-07-21 15:15:00,Expiry Day EOD Square-Off,SELL 65 NIFTY 24200.0 CE @ ₹0.15 (PnL ₹-3); BUY 130 NIFTY 24200.0 CE @ ₹0.15 (PnL ₹6); SELL 65 NIFTY 24200.0 CE @ ₹0.15 (PnL ₹-3),6434.714000000004,6434.714000000004,5193.762612019664,1240.9513879803399,24183.85
CYCLE-04-2026-07-28,2026-07-28,CONDOR,ENTRY_CONDOR,2026-07-22 09:20:00,Initial Iron Condor Entry,Sell 24300.0CE (Δ0.31) + Buy 24600.0CE | Sell 23900.0PE (Δ0.30) + Buy 23600.0PE,0.0,0.0,-112.364382418775,112.364382418775,24105.45
CYCLE-04-2026-07-28,2026-07-28,CONDOR,EXIT_CONDOR,2026-07-23 14:41:00,Condor Exit (Short CE Δ=0.10 <= 0.1),BUY 65 NIFTY 24300.0 CE @ ₹16.17 (PnL ₹3508); SELL 65 NIFTY 24600.0 CE @ ₹5.12 (PnL ₹-819); BUY 65 NIFTY 23900.0 PE @ ₹158.56 (PnL ₹-4709); SELL 65 NIFTY 23600.0 PE @ ₹45.90 (PnL ₹1230),-789.938254684989,-789.938254684989,-1009.0345477181794,219.09629303319034,23843.6
CYCLE-04-2026-07-28,2026-07-28,RATIO,ENTRY_RATIO,2026-07-23 14:41:00,Transition from Condor to CE Ratio (Short CE Δ=0.10),Buy 1x 23850.0CE (Δ0.53) | Sell 2x 23950.0CE (Δ0.39) | Buy 1x 24300.0CE (Δ0.10),-789.938254684989,-789.938254684989,-1102.8109960129143,312.8727413279253,23843.6
CYCLE-04-2026-07-28,2026-07-28,RATIO,REVERSE_RATIO,2026-07-27 14:04:00,Reversal Flip #1 to PE (Sold Δ=0.60 >= 0.60),SELL 65 NIFTY 23850.0 CE @ ₹162.89 (PnL ₹2311); BUY 130 NIFTY 23950.0 CE @ ₹89.49 (PnL ₹-835); SELL 65 NIFTY 24300.0 CE @ ₹4.95 (PnL ₹-729),-42.857504684985884,-42.857504684985884,-451.11512924127123,408.25762455628535,23986.75
CYCLE-04-2026-07-28,2026-07-28,RATIO,REVERSE_RATIO,2026-07-27 14:04:00,Reversal Flip #1 to PE (Sold Δ=0.60 >= 0.60),Reversed: Buy 24000.0PE | Sell 2x 23950.0PE | Buy 23750.0PE,-42.857504684985884,-42.857504684985884,-534.2362808846563,491.37877619967037,23986.75
CYCLE-04-2026-07-28,2026-07-28,RATIO,SHIFT_RATIO,2026-07-28 15:08:00,Continuation Shift #1 (Sold Δ=0.07 <= 0.10),SELL 65 NIFTY 24000.0 PE @ ₹36.36 (PnL ₹-1986); BUY 130 NIFTY 23950.0 PE @ ₹0.35 (PnL ₹5766); SELL 65 NIFTY 23750.0 PE @ ₹0.15 (PnL ₹-589),3148.460495315015,3148.460495315015,2582.4769615225396,565.9835337924753,23967.85
CYCLE-04-2026-07-28,2026-07-28,RATIO,SHIFT_RATIO,2026-07-28 15:08:00,Continuation Shift #1 (Sold Δ=0.07 <= 0.10),Shifted: Buy 23950.0PE | Sell 2x 23950.0PE | Buy 23950.0PE,3148.460495315015,3148.460495315015,2511.5763432775398,636.8841520374752,23967.85
CYCLE-04-2026-07-28,2026-07-28,RATIO,SHIFT_RATIO,2026-07-28 15:09:00,Continuation Shift #2 (Sold Δ=0.08 <= 0.10),SELL 65 NIFTY 23950.0 PE @ ₹0.40 (PnL ₹3); BUY 130 NIFTY 23950.0 PE @ ₹0.40 (PnL ₹-7); SELL 65 NIFTY 23950.0 PE @ ₹0.40 (PnL ₹3),3148.265495315015,3148.265495315015,2440.46635099754,707.7991443174752,23966.0
CYCLE-04-2026-07-28,2026-07-28,RATIO,SHIFT_RATIO,2026-07-28 15:09:00,Continuation Shift #2 (Sold Δ=0.08 <= 0.10),Shifted: Buy 23950.0PE | Sell 2x 23950.0PE | Buy 23950.0PE,3148.265495315015,3148.265495315015,2369.55135871754,778.7141365974751,23966.0
CYCLE-04-2026-07-28,2026-07-28,RATIO,SHIFT_RATIO,2026-07-28 15:10:00,Continuation Shift #3 (Sold Δ=0.10 <= 0.10),SELL 65 NIFTY 23950.0 PE @ ₹0.45 (PnL ₹3); BUY 130 NIFTY 23950.0 PE @ ₹0.45 (PnL ₹-7); SELL 65 NIFTY 23950.0 PE @ ₹0.45 (PnL ₹3),3148.044495315015,3148.044495315015,2298.40099240254,849.6435029124751,23964.5
CYCLE-04-2026-07-28,2026-07-28,RATIO,SHIFT_RATIO,2026-07-28 15:10:00,Continuation Shift #3 (Sold Δ=0.10 <= 0.10),Shifted: Buy 23950.0PE | Sell 2x 23950.0PE | Buy 23950.0PE,3148.044495315015,3148.044495315015,2227.47162608754,920.572869227475,23964.5
CYCLE-04-2026-07-28,2026-07-28,RATIO,SHIFT_RATIO,2026-07-28 15:12:00,Continuation Shift #4 (Sold Δ=0.08 <= 0.10),SELL 65 NIFTY 23950.0 PE @ ₹0.35 (PnL ₹-7); BUY 130 NIFTY 23950.0 PE @ ₹0.35 (PnL ₹13); SELL 65 NIFTY 23950.0 PE @ ₹0.35 (PnL ₹-7),3147.836495315015,3147.836495315015,2156.36300784254,991.4734874724751,23965.3
CYCLE-04-2026-07-28,2026-07-28,RATIO,SHIFT_RATIO,2026-07-28 15:12:00,Continuation Shift #4 (Sold Δ=0.08 <= 0.10),Shifted: Buy 23950.0PE | Sell 2x 23950.0PE | Buy 23950.0PE,3147.836495315015,3147.836495315015,2085.46238959754,1062.374105717475,23965.3
CYCLE-04-2026-07-28,2026-07-28,RATIO,SHIFT_RATIO,2026-07-28 15:13:00,Continuation Shift #5 (Sold Δ=0.05 <= 0.10),SELL 65 NIFTY 23950.0 PE @ ₹0.20 (PnL ₹-10); BUY 130 NIFTY 23950.0 PE @ ₹0.20 (PnL ₹19); SELL 65 NIFTY 23950.0 PE @ ₹0.20 (PnL ₹-10),3147.693495315015,3147.693495315015,2014.4618934575399,1133.231601857475,23966.9
CYCLE-04-2026-07-28,2026-07-28,RATIO,SHIFT_RATIO,2026-07-28 15:13:00,Continuation Shift #5 (Sold Δ=0.05 <= 0.10),Shifted: Buy 23950.0PE | Sell 2x 23950.0PE | Buy 23950.0PE,3147.693495315015,3147.693495315015,1943.60439731754,1204.089097997475,23966.9
CYCLE-04-2026-07-28,2026-07-28,RATIO,EXIT_ALL,2026-07-28 15:15:00,Expiry Day EOD Square-Off,SELL 65 NIFTY 23950.0 PE @ ₹0.15 (PnL ₹-3); BUY 130 NIFTY 23950.0 PE @ ₹0.15 (PnL ₹6); SELL 65 NIFTY 23950.0 PE @ ₹0.15 (PnL ₹-3),3147.602495315015,3147.602495315015,1872.67027521254,1274.932220102475,23980.7
CYCLE-05-2026-08-04,2026-08-04,CONDOR,ENTRY_CONDOR,2026-07-29 09:20:00,Initial Iron Condor Entry,Sell 24350.0CE (Δ0.33) + Buy 24600.0CE | Sell 24000.0PE (Δ0.29) + Buy 23700.0PE,0.0,0.0,-109.84946795522,109.84946795522,24178.4
CYCLE-05-2026-08-04,2026-08-04,CONDOR,EXIT_CONDOR,2026-07-31 12:14:00,Condor Exit (Short PE Δ=0.10 <= 0.1),BUY 65 NIFTY 24350.0 CE @ ₹108.81 (PnL ₹-2485); SELL 65 NIFTY 24600.0 CE @ ₹17.53 (PnL ₹1); BUY 65 NIFTY 24000.0 PE @ ₹13.86 (PnL ₹3287); SELL 65 NIFTY 23700.0 PE @ ₹3.42 (PnL ₹-1030),-227.0945236456041,-227.0945236456041,-438.4639648830897,211.3694412374856,24381.55
CYCLE-05-2026-08-04,2026-08-04,RATIO,ENTRY_RATIO,2026-07-31 12:14:00,Transition from Condor to PE Ratio (Short PE Δ=0.10),Buy 1x 24400.0PE (Δ0.50) | Sell 2x 24350.0PE (Δ0.42) | Buy 1x 24000.0PE (Δ0.10),-227.0945236456041,-227.0945236456041,-530.3722067033398,303.27768305773566,24381.55
CYCLE-05-2026-08-04,2026-08-04,RATIO,SHIFT_RATIO,2026-08-03 11:40:00,Continuation Shift #1 (Sold Δ=0.10 <= 0.10),SELL 65 NIFTY 24400.0 PE @ ₹12.64 (PnL ₹-5844); BUY 130 NIFTY 24350.0 PE @ ₹9.16 (PnL ₹9121); SELL 65 NIFTY 24000.0 PE @ ₹0.05 (PnL ₹-898),2151.5089763543956,2151.5089763543956,1775.37945522214,376.12952113225566,24595.45
CYCLE-05-2026-08-04,2026-08-04,RATIO,SHIFT_RATIO,2026-08-03 11:40:00,Continuation Shift #1 (Sold Δ=0.10 <= 0.10),Shifted: Buy 24550.0PE | Sell 2x 24500.0PE | Buy 24300.0PE,2151.5089763543956,2151.5089763543956,1696.5256625171949,454.9833138372007,24595.45
CYCLE-05-2026-08-04,2026-08-04,RATIO,REVERSE_RATIO,2026-08-04 13:21:00,Reversal Flip #1 to CE (Sold Δ=0.61 >= 0.60),SELL 65 NIFTY 24550.0 PE @ ₹84.12 (PnL ₹2592); BUY 130 NIFTY 24500.0 PE @ ₹49.60 (PnL ₹-2688); SELL 65 NIFTY 24300.0 PE @ ₹3.00 (PnL ₹-264),1791.0547263543972,1791.0547263543972,1252.2562907844665,538.7984355699307,24475.8
CYCLE-05-2026-08-04,2026-08-04,RATIO,REVERSE_RATIO,2026-08-04 13:21:00,Reversal Flip #1 to CE (Sold Δ=0.61 >= 0.60),Reversed: Buy 24500.0CE | Sell 2x 24500.0CE | Buy 24600.0CE,1791.0547263543972,1791.0547263543972,1174.0143606752165,617.0403656791807,24475.8
CYCLE-05-2026-08-04,2026-08-04,RATIO,EXIT_ALL,2026-08-04 15:15:00,Expiry Day EOD Square-Off,SELL 65 NIFTY 24500.0 CE @ ₹53.90 (PnL ₹1613); BUY 130 NIFTY 24500.0 CE @ ₹54.00 (PnL ₹-3248); SELL 65 NIFTY 24600.0 CE @ ₹24.23 (PnL ₹1148),1304.8677263543982,1304.8677263543982,604.5864781272275,700.2812482271707,24463.45
CYCLE-06-2026-08-11,2026-08-11,CONDOR,ENTRY_CONDOR,2026-08-05 09:20:00,Initial Iron Condor Entry,Sell 24850.0CE (Δ0.29) + Buy 25100.0CE | Sell 24500.0PE (Δ0.31) + Buy 24200.0PE,0.0,0.0,-108.56067957161001,108.56067957161001,24635.85
CYCLE-06-2026-08-11,2026-08-11,CONDOR,EXIT_CONDOR,2026-08-10 09:37:00,Condor Exit (Short CE Δ=0.10 <= 0.1),BUY 65 NIFTY 24850.0 CE @ ₹12.26 (PnL ₹3216); SELL 65 NIFTY 25100.0 CE @ ₹0.13 (PnL ₹-1007); BUY 65 NIFTY 24500.0 PE @ ₹73.82 (PnL ₹-740); SELL 65 NIFTY 24200.0 PE @ ₹9.94 (PnL ₹-460),1009.327322896056,1009.327322896056,801.8491631231702,207.47815977288576,24516.3
CYCLE-06-2026-08-11,2026-08-11,RATIO,ENTRY_RATIO,2026-08-10 09:37:00,Transition from Condor to CE Ratio (Short CE Δ=0.10),Buy 1x 24500.0CE (Δ0.53) | Sell 2x 24600.0CE (Δ0.38) | Buy 1x 24850.0CE (Δ0.10),1009.327322896056,1009.327322896056,711.0608796605552,298.2664432355008,24516.3
CYCLE-06-2026-08-11,2026-08-11,RATIO,SHIFT_RATIO,2026-08-11 12:02:00,Continuation Shift #1 (Sold Δ=0.10 <= 0.10),SELL 65 NIFTY 24500.0 CE @ ₹24.73 (PnL ₹-6337); BUY 130 NIFTY 24600.0 CE @ ₹6.46 (PnL ₹8310); SELL 65 NIFTY 24850.0 CE @ ₹0.70 (PnL ₹-752),2230.44332289606,2230.44332289606,1858.2259220656445,372.2174008304158,24434.5
CYCLE-06-2026-08-11,2026-08-11,RATIO,SHIFT_RATIO,2026-08-11 12:02:00,Continuation Shift #1 (Sold Δ=0.10 <= 0.10),Shifted: Buy 24450.0CE | Sell 2x 24500.0CE | Buy 24600.0CE,2230.44332289606,2230.44332289606,1780.2238780257394,450.21944487032084,24434.5
CYCLE-06-2026-08-11,2026-08-11,RATIO,EXIT_ALL,2026-08-11 15:15:00,Expiry Day EOD Square-Off,SELL 65 NIFTY 24450.0 CE @ ₹43.46 (PnL ₹-116); BUY 130 NIFTY 24500.0 CE @ ₹16.67 (PnL ₹1048); SELL 65 NIFTY 24600.0 CE @ ₹1.65 (PnL ₹-313),2849.2693228960607,2849.2693228960607,2322.238943582135,527.0303793139258,24450.25
CYCLE-07-2026-08-18,2026-08-18,CONDOR,ENTRY_CONDOR,2026-08-12 09:20:00,Initial Iron Condor Entry,Sell 24650.0CE (Δ0.28) + Buy 24900.0CE | Sell 24250.0PE (Δ0.28) + Buy 23950.0PE,0.0,0.0,-107.84509146188002,107.84509146188002,24414.1
CYCLE-07-2026-08-18,2026-08-18,CONDOR,EXIT_CONDOR,2026-08-14 10:32:00,Condor Exit (Short CE Δ=0.10 <= 0.1),BUY 65 NIFTY 24650.0 CE @ ₹11.86 (PnL ₹3219); SELL 65 NIFTY 24900.0 CE @ ₹9.48 (PnL ₹-376); BUY 65 NIFTY 24250.0 PE @ ₹49.50 (PnL ₹484); SELL 65 NIFTY 23950.0 PE @ ₹6.29 (PnL ₹-541),2785.8962326540486,2785.8962326540486,2579.542582696664,206.3536499573845,24304.2
CYCLE-07-2026-08-18,2026-08-18,RATIO,ENTRY_RATIO,2026-08-14 10:32:00,Transition from Condor to CE Ratio (Short CE Δ=0.10),Buy 1x 24300.0CE (Δ0.54) | Sell 2x 24400.0CE (Δ0.38) | Buy 1x 24650.0CE (Δ0.10),2785.8962326540486,2785.8962326540486,2489.816869202834,296.07936345121453,24304.2
CYCLE-07-2026-08-18,2026-08-18,RATIO,SHIFT_RATIO,2026-08-18 09:16:00,Continuation Shift #1 (Sold Δ=0.10 <= 0.10),SELL 65 NIFTY 24300.0 CE @ ₹21.38 (PnL ₹-6168); BUY 130 NIFTY 24400.0 CE @ ₹6.16 (PnL ₹7843); SELL 65 NIFTY 24650.0 CE @ ₹1.10 (PnL ₹-700),3761.162732654047,3761.162732654047,3391.4614655101723,369.70126714387453,24239.45
CYCLE-07-2026-08-18,2026-08-18,RATIO,SHIFT_RATIO,2026-08-18 09:16:00,Continuation Shift #1 (Sold Δ=0.10 <= 0.10),Shifted: Buy 24250.0CE | Sell 2x 24300.0CE | Buy 24400.0CE,3761.162732654047,3761.162732654047,3314.4224818152675,446.7402508387795,24239.45
CYCLE-07-2026-08-18,2026-08-18,RATIO,SHIFT_RATIO,2026-08-18 13:05:00,Continuation Shift #2 (Sold Δ=0.09 <= 0.10),SELL 65 NIFTY 24250.0 CE @ ₹9.84 (PnL ₹-1885); BUY 130 NIFTY 24300.0 CE @ ₹3.95 (PnL ₹2265); SELL 65 NIFTY 24400.0 CE @ ₹1.20 (PnL ₹-322),3819.2272326540474,3819.2272326540474,3300.225964739373,519.0012679146745,24187.5
CYCLE-07-2026-08-18,2026-08-18,RATIO,SHIFT_RATIO,2026-08-18 13:05:00,Continuation Shift #2 (Sold Δ=0.09 <= 0.10),Shifted: Buy 24200.0CE | Sell 2x 24250.0CE | Buy 24300.0CE,3819.2272326540474,3819.2272326540474,3226.184046515868,593.0431861381795,24187.5
CYCLE-07-2026-08-18,2026-08-18,RATIO,SHIFT_RATIO,2026-08-18 15:14:00,Continuation Shift #3 (Sold Δ=0.08 <= 0.10),SELL 65 NIFTY 24200.0 CE @ ₹17.68 (PnL ₹-536); BUY 130 NIFTY 24250.0 CE @ ₹4.75 (PnL ₹661); SELL 65 NIFTY 24300.0 CE @ ₹1.35 (PnL ₹-169),3775.1507326540477,3775.1507326540477,3108.955275930853,666.1954567231945,24165.8
CYCLE-07-2026-08-18,2026-08-18,RATIO,SHIFT_RATIO,2026-08-18 15:14:00,Continuation Shift #3 (Sold Δ=0.08 <= 0.10),Shifted: Buy 24200.0CE | Sell 2x 24200.0CE | Buy 24250.0CE,3775.1507326540477,3775.1507326540477,3033.590268684118,741.5604639699296,24165.8
CYCLE-07-2026-08-18,2026-08-18,RATIO,EXIT_ALL,2026-08-18 15:15:00,Expiry Day EOD Square-Off,SELL 65 NIFTY 24200.0 CE @ ₹17.18 (PnL ₹-35); BUY 130 NIFTY 24200.0 CE @ ₹17.22 (PnL ₹60); SELL 65 NIFTY 24250.0 CE @ ₹4.55 (PnL ₹-14),3787.240732654048,3787.240732654048,2971.242640051363,815.9980926026847,24166.35
CYCLE-08-2026-08-25,2026-08-25,CONDOR,ENTRY_CONDOR,2026-08-19 09:20:00,Initial Iron Condor Entry,Sell 24300.0CE (Δ0.31) + Buy 24550.0CE | Sell 23950.0PE (Δ0.28) + Buy 23700.0PE,0.0,0.0,-108.082003311665,108.082003311665,24114.45
CYCLE-08-2026-08-25,2026-08-25,CONDOR,EXIT_CONDOR,2026-08-21 09:15:00,Condor Exit (Short PE Δ=0.08 <= 0.1),BUY 65 NIFTY 24300.0 CE @ ₹91.69 (PnL ₹-1791); SELL 65 NIFTY 24550.0 CE @ ₹12.89 (PnL ₹-291); BUY 65 NIFTY 23950.0 PE @ ₹8.41 (PnL ₹3018); SELL 65 NIFTY 23700.0 PE @ ₹8.39 (PnL ₹-541),395.0992532626956,395.0992532626956,186.37445661711905,208.72479664557653,24261.15
CYCLE-08-2026-08-25,2026-08-25,RATIO,ENTRY_RATIO,2026-08-21 09:15:00,Transition from Condor to PE Ratio (Short PE Δ=0.08),Buy 1x 24300.0PE (Δ0.54) | Sell 2x 24250.0PE (Δ0.43) | Buy 1x 24000.0PE (Δ0.11),395.0992532626956,395.0992532626956,100.03945701699905,295.05979624569653,24261.15
CYCLE-08-2026-08-25,2026-08-25,RATIO,REVERSE_RATIO,2026-08-24 11:22:00,Reversal Flip #1 to CE (Sold Δ=0.61 >= 0.60),SELL 65 NIFTY 24300.0 PE @ ₹107.69 (PnL ₹1964); BUY 130 NIFTY 24250.0 PE @ ₹76.38 (PnL ₹-2429); SELL 65 NIFTY 24000.0 PE @ ₹8.94 (PnL ₹-180),-249.9574967373028,-249.9574967373028,-634.0479310451943,384.09043430789154,24205.45
CYCLE-08-2026-08-25,2026-08-25,RATIO,REVERSE_RATIO,2026-08-24 11:22:00,Reversal Flip #1 to CE (Sold Δ=0.61 >= 0.60),Reversed: Buy 24200.0CE | Sell 2x 24250.0CE | Buy 24450.0CE,-249.9574967373028,-249.9574967373028,-718.6660348519742,468.7085381146715,24205.45
CYCLE-08-2026-08-25,2026-08-25,RATIO,SHIFT_RATIO,2026-08-25 13:01:00,Continuation Shift #1 (Sold Δ=0.09 <= 0.10),SELL 65 NIFTY 24200.0 CE @ ₹9.64 (PnL ₹-4361); BUY 130 NIFTY 24250.0 CE @ ₹3.65 (PnL ₹6070); SELL 65 NIFTY 24450.0 CE @ ₹0.70 (PnL ₹-446),1014.1202532626969,1014.1202532626969,473.2472746094604,540.8729786532365,24139.2
CYCLE-08-2026-08-25,2026-08-25,RATIO,SHIFT_RATIO,2026-08-25 13:01:00,Continuation Shift #1 (Sold Δ=0.09 <= 0.10),Shifted: Buy 24150.0CE | Sell 2x 24200.0CE | Buy 24250.0CE,1014.1202532626969,1014.1202532626969,399.2224354492554,614.8978178134415,24139.2
CYCLE-08-2026-08-25,2026-08-25,RATIO,REVERSE_RATIO,2026-08-25 14:49:00,Reversal Flip #2 to PE (Sold Δ=0.61 >= 0.60),SELL 65 NIFTY 24150.0 CE @ ₹96.30 (PnL ₹4516); BUY 130 NIFTY 24200.0 CE @ ₹52.30 (PnL ₹-5546); SELL 65 NIFTY 24250.0 CE @ ₹21.23 (PnL ₹1142),1126.4467532626977,1126.4467532626977,424.36936783036117,702.0773854323365,24224.3
CYCLE-08-2026-08-25,2026-08-25,RATIO,REVERSE_RATIO,2026-08-25 14:49:00,Reversal Flip #2 to PE (Sold Δ=0.61 >= 0.60),Reversed: Buy 24200.0PE | Sell 2x 24200.0PE | Buy 24150.0PE,1126.4467532626977,1126.4467532626977,350.9900616065812,775.4566916561165,24224.3
CYCLE-08-2026-08-25,2026-08-25,RATIO,SHIFT_RATIO,2026-08-25 15:11:00,Continuation Shift #2 (Sold Δ=0.09 <= 0.10),SELL 65 NIFTY 24200.0 PE @ ₹3.65 (PnL ₹-407); BUY 130 NIFTY 24200.0 PE @ ₹3.65 (PnL ₹811); SELL 65 NIFTY 24150.0 PE @ ₹1.70 (PnL ₹-104),1425.729503262698,1425.729503262698,578.6249874345165,847.1045158281815,24261.45
CYCLE-08-2026-08-25,2026-08-25,RATIO,SHIFT_RATIO,2026-08-25 15:11:00,Continuation Shift #2 (Sold Δ=0.09 <= 0.10),Shifted: Buy 24250.0PE | Sell 2x 24250.0PE | Buy 24200.0PE,1425.729503262698,1425.729503262698,504.7250548061264,921.0044484565716,24261.45
CYCLE-08-2026-08-25,2026-08-25,RATIO,EXIT_ALL,2026-08-25 15:15:00,Expiry Day EOD Square-Off,SELL 65 NIFTY 24250.0 PE @ ₹17.53 (PnL ₹362); BUY 130 NIFTY 24250.0 PE @ ₹17.57 (PnL ₹-732); SELL 65 NIFTY 24200.0 PE @ ₹5.09 (PnL ₹94),1149.6582532626985,1149.6582532626985,154.09489327371193,995.5633599889866,24260.05
CYCLE-09-2026-09-01,2026-09-01,CONDOR,ENTRY_CONDOR,2026-08-26 09:20:00,Initial Iron Condor Entry,Sell 24550.0CE (Δ0.27) + Buy 24750.0CE | Sell 24250.0PE (Δ0.32) + Buy 24000.0PE,0.0,0.0,-105.72653991248,105.72653991248,24335.1
CYCLE-09-2026-09-01,2026-09-01,CONDOR,EXIT_CONDOR,2026-08-27 13:51:00,Condor Exit (Short CE Δ=0.10 <= 0.1),BUY 65 NIFTY 24550.0 CE @ ₹14.81 (PnL ₹2495); SELL 65 NIFTY 24750.0 CE @ ₹13.07 (PnL ₹-97); BUY 65 NIFTY 24250.0 PE @ ₹120.37 (PnL ₹-4876); SELL 65 NIFTY 24000.0 PE @ ₹30.52 (PnL ₹1105),-1372.9575856955805,-1372.9575856955805,-1583.0507519189134,210.0931662233329,24139.55
CYCLE-09-2026-09-01,2026-09-01,RATIO,ENTRY_RATIO,2026-08-27 13:51:00,Transition from Condor to CE Ratio (Short CE Δ=0.10),Buy 1x 24150.0CE (Δ0.52) | Sell 2x 24250.0CE (Δ0.39) | Buy 1x 24550.0CE (Δ0.10),-1372.9575856955805,-1372.9575856955805,-1677.2664413398684,304.3088556442879,24139.55
CYCLE-09-2026-09-01,2026-09-01,RATIO,SHIFT_RATIO,2026-09-01 09:15:00,Continuation Shift #1 (Sold Δ=0.07 <= 0.10),SELL 65 NIFTY 24150.0 CE @ ₹13.49 (PnL ₹-7995); BUY 130 NIFTY 24250.0 CE @ ₹4.40 (PnL ₹10304); SELL 65 NIFTY 24550.0 CE @ ₹1.05 (PnL ₹-895),41.31241430442151,41.31241430442151,-335.6554652413414,376.9678795457629,24039.4
CYCLE-09-2026-09-01,2026-09-01,RATIO,SHIFT_RATIO,2026-09-01 09:15:00,Continuation Shift #1 (Sold Δ=0.07 <= 0.10),Shifted: Buy 24050.0CE | Sell 2x 24100.0CE | Buy 24250.0CE,41.31241430442151,41.31241430442151,-413.4897784129414,454.8021927173629,24039.4
CYCLE-09-2026-09-01,2026-09-01,RATIO,REVERSE_RATIO,2026-09-01 11:30:00,Reversal Flip #1 to PE (Sold Δ=0.63 >= 0.60),SELL 65 NIFTY 24050.0 CE @ ₹116.83 (PnL ₹4790); BUY 130 NIFTY 24100.0 CE @ ₹76.78 (PnL ₹-6767); SELL 65 NIFTY 24250.0 CE @ ₹13.59 (PnL ₹597),-1338.6993356955763,-1338.6993356955763,-1883.9903613080342,545.2910256124579,24142.3
CYCLE-09-2026-09-01,2026-09-01,RATIO,REVERSE_RATIO,2026-09-01 11:30:00,Reversal Flip #1 to PE (Sold Δ=0.63 >= 0.60),Reversed: Buy 24150.0PE | Sell 2x 24100.0PE | Buy 24000.0PE,-1338.6993356955763,-1338.6993356955763,-1961.1636335886692,622.4642978930929,24142.3
CYCLE-09-2026-09-01,2026-09-01,RATIO,REVERSE_RATIO,2026-09-01 13:05:00,Reversal Flip #2 to CE (Sold Δ=0.61 >= 0.60),SELL 65 NIFTY 24150.0 PE @ ₹73.43 (PnL ₹2138); BUY 130 NIFTY 24100.0 PE @ ₹38.59 (PnL ₹-2211); SELL 65 NIFTY 24000.0 PE @ ₹8.74 (PnL ₹129),-1283.4363356955744,-1283.4363356955744,-1988.3151294311622,704.8787937355878,24080.3
CYCLE-09-2026-09-01,2026-09-01,RATIO,REVERSE_RATIO,2026-09-01 13:05:00,Reversal Flip #2 to CE (Sold Δ=0.61 >= 0.60),Reversed: Buy 24100.0CE | Sell 2x 24100.0CE | Buy 24200.0CE,-1283.4363356955744,-1283.4363356955744,-2065.5515295953173,782.1151938997427,24080.3
CYCLE-09-2026-09-01,2026-09-01,RATIO,SHIFT_RATIO,2026-09-01 14:03:00,Continuation Shift #2 (Sold Δ=0.10 <= 0.10),SELL 65 NIFTY 24100.0 CE @ ₹5.00 (PnL ₹-1318); BUY 130 NIFTY 24100.0 CE @ ₹5.00 (PnL ₹2629); SELL 65 NIFTY 24200.0 CE @ ₹2.15 (PnL ₹-179),-152.2933356955739,-152.2933356955739,-1006.3514617664116,854.0581260708377,23980.0
CYCLE-09-2026-09-01,2026-09-01,RATIO,SHIFT_RATIO,2026-09-01 14:03:00,Continuation Shift #2 (Sold Δ=0.10 <= 0.10),Shifted: Buy 24000.0CE | Sell 2x 24050.0CE | Buy 24100.0CE,-152.2933356955739,-152.2933356955739,-1080.4922054392364,928.1988697436626,23980.0
CYCLE-09-2026-09-01,2026-09-01,RATIO,EXIT_ALL,2026-09-01 15:15:00,Expiry Day EOD Square-Off,SELL 65 NIFTY 24000.0 CE @ ₹27.47 (PnL ₹143); BUY 130 NIFTY 24050.0 CE @ ₹11.41 (PnL ₹-152); SELL 65 NIFTY 24100.0 CE @ ₹5.24 (PnL ₹16),-146.2028356955733,-146.2028356955733,-1149.5070519885708,1003.3042162929976,23980.55
CYCLE-10-2026-09-08,2026-09-08,CONDOR,ENTRY_CONDOR,2026-09-02 09:20:00,Initial Iron Condor Entry,Sell 24050.0CE (Δ0.30) + Buy 24300.0CE | Sell 23700.0PE (Δ0.32) + Buy 23350.0PE,0.0,0.0,-110.35485559655,110.35485559655,23828.6
CYCLE-10-2026-09-08,2026-09-08,CONDOR,EXIT_CONDOR,2026-09-07 14:37:00,Condor Exit (Short CE Δ=0.10 <= 0.1),BUY 65 NIFTY 24050.0 CE @ ₹10.21 (PnL ₹3885); SELL 65 NIFTY 24300.0 CE @ ₹0.09 (PnL ₹-1312); BUY 65 NIFTY 23700.0 PE @ ₹24.02 (PnL ₹2987); SELL 65 NIFTY 23350.0 PE @ ₹2.40 (PnL ₹-908),4652.596288226607,4652.596288226607,4446.201708063986,206.3945801626204,23772.2
CYCLE-10-2026-09-08,2026-09-08,RATIO,ENTRY_RATIO,2026-09-07 14:37:00,Transition from Condor to CE Ratio (Short CE Δ=0.10),Buy 1x 23750.0CE (Δ0.55) | Sell 2x 23850.0CE (Δ0.37) | Buy 1x 24050.0CE (Δ0.10),4652.596288226607,4652.596288226607,4359.534692897906,293.0615953287004,23772.2
CYCLE-10-2026-09-08,2026-09-08,RATIO,SHIFT_RATIO,2026-09-08 10:36:00,Continuation Shift #1 (Sold Δ=0.10 <= 0.10),SELL 65 NIFTY 23750.0 CE @ ₹7.43 (PnL ₹-6616); BUY 130 NIFTY 23850.0 CE @ ₹6.76 (PnL ₹6063); SELL 65 NIFTY 24050.0 CE @ ₹1.75 (PnL ₹-550),3549.907135524494,3549.907135524494,3184.5509436763505,365.35619184814385,23675.9
CYCLE-10-2026-09-08,2026-09-08,RATIO,SHIFT_RATIO,2026-09-08 10:36:00,Continuation Shift #1 (Sold Δ=0.10 <= 0.10),Shifted: Buy 23700.0CE | Sell 2x 23700.0CE | Buy 23900.0CE,3549.907135524494,3549.907135524494,3104.758999748565,445.14813577592884,23675.9
CYCLE-10-2026-09-08,2026-09-08,RATIO,SHIFT_RATIO,2026-09-08 13:44:00,Continuation Shift #2 (Sold Δ=0.10 <= 0.10),SELL 65 NIFTY 23700.0 CE @ ₹2.15 (PnL ₹-2183); BUY 130 NIFTY 23700.0 CE @ ₹2.15 (PnL ₹4357); SELL 65 NIFTY 23900.0 CE @ ₹1.90 (PnL ₹-153),5570.237921631398,5570.237921631398,5053.697847520556,516.5400741108426,23638.55
CYCLE-10-2026-09-08,2026-09-08,RATIO,SHIFT_RATIO,2026-09-08 13:44:00,Continuation Shift #2 (Sold Δ=0.10 <= 0.10),Shifted: Buy 23650.0CE | Sell 2x 23750.0CE | Buy 23800.0CE,5570.237921631398,5570.237921631398,4979.3326560225705,590.9052656088277,23638.55
CYCLE-10-2026-09-08,2026-09-08,RATIO,SHIFT_RATIO,2026-09-08 15:13:00,Continuation Shift #3 (Sold Δ=0.09 <= 0.10),SELL 65 NIFTY 23650.0 CE @ ₹34.42 (PnL ₹-213); BUY 130 NIFTY 23750.0 CE @ ₹7.36 (PnL ₹206); SELL 65 NIFTY 23800.0 CE @ ₹3.40 (PnL ₹-92),5471.899421631399,5471.899421631399,4805.689239100676,666.2101825307227,23643.9
CYCLE-10-2026-09-08,2026-09-08,RATIO,SHIFT_RATIO,2026-09-08 15:13:00,Continuation Shift #3 (Sold Δ=0.09 <= 0.10),Shifted: Buy 23650.0CE | Sell 2x 23650.0CE | Buy 23750.0CE,5471.899421631399,5471.899421631399,4726.080831764246,745.8185898671527,23643.9
CYCLE-10-2026-09-08,2026-09-08,RATIO,EXIT_ALL,2026-09-08 15:15:00,Expiry Day EOD Square-Off,SELL 65 NIFTY 23650.0 CE @ ₹14.79 (PnL ₹-1280); BUY 130 NIFTY 23650.0 CE @ ₹14.81 (PnL ₹2548); SELL 65 NIFTY 23750.0 CE @ ₹2.85 (PnL ₹-293),6446.3826716314,6446.3826716314,5626.744080520182,819.6385911112177,23640.05
CYCLE-11-2026-09-15,2026-09-15,CONDOR,ENTRY_CONDOR,2026-09-09 09:20:00,Initial Iron Condor Entry,Sell 23700.0CE (Δ0.31) + Buy 24000.0CE | Sell 23350.0PE (Δ0.29) + Buy 23050.0PE,0.0,0.0,-108.92636857061001,108.92636857061001,23506.9
CYCLE-11-2026-09-15,2026-09-15,CONDOR,EXIT_CONDOR,2026-09-11 09:15:00,Condor Exit (Short CE Δ=0.07 <= 0.1),BUY 65 NIFTY 23700.0 CE @ ₹9.41 (PnL ₹4015); SELL 65 NIFTY 24000.0 CE @ ₹2.61 (PnL ₹-833); BUY 65 NIFTY 23350.0 PE @ ₹159.36 (PnL ₹-6657); SELL 65 NIFTY 23050.0 PE @ ₹39.96 (PnL ₹1547),-1928.0561920233142,-1928.0561920233142,-2142.5993403322004,214.54314830888634,23246.25
CYCLE-11-2026-09-15,2026-09-15,RATIO,ENTRY_RATIO,2026-09-11 09:15:00,Transition from Condor to CE Ratio (Short CE Δ=0.07),Buy 1x 23250.0CE (Δ0.53) | Sell 2x 23350.0CE (Δ0.37) | Buy 1x 23600.0CE (Δ0.11),-1928.0561920233142,-1928.0561920233142,-2232.6879902923906,304.63179826907634,23246.25
CYCLE-11-2026-09-15,2026-09-15,RATIO,REVERSE_RATIO,2026-09-11 14:00:00,Reversal Flip #1 to PE (Sold Δ=0.61 >= 0.60),SELL 65 NIFTY 23250.0 CE @ ₹209.29 (PnL ₹6089); BUY 130 NIFTY 23350.0 CE @ ₹139.19 (PnL ₹-9302); SELL 65 NIFTY 23600.0 CE @ ₹32.92 (PnL ₹1125),-4016.9644420233126,-4016.9644420233126,-4428.686956934244,411.72251491093135,23400.15
CYCLE-11-2026-09-15,2026-09-15,RATIO,REVERSE_RATIO,2026-09-11 14:00:00,Reversal Flip #1 to PE (Sold Δ=0.61 >= 0.60),Reversed: Buy 23400.0PE | Sell 2x 23350.0PE | Buy 23000.0PE,-4016.9644420233126,-4016.9644420233126,-4519.758571638039,502.79412961472633,23400.15
CYCLE-11-2026-09-15,2026-09-15,RATIO,REVERSE_RATIO,2026-09-15 11:20:00,Reversal Flip #2 to CE (Sold Δ=0.60 >= 0.60),SELL 65 NIFTY 23400.0 PE @ ₹96.85 (PnL ₹10); BUY 130 NIFTY 23350.0 PE @ ₹65.06 (PnL ₹1451); SELL 65 NIFTY 23000.0 PE @ ₹1.90 (PnL ₹-843),-3399.0029420233127,-3399.0029420233127,-3988.064797174744,589.0618551514314,23318.05
CYCLE-11-2026-09-15,2026-09-15,RATIO,REVERSE_RATIO,2026-09-15 11:20:00,Reversal Flip #2 to CE (Sold Δ=0.60 >= 0.60),Reversed: Buy 23300.0CE | Sell 2x 23350.0CE | Buy 23550.0CE,-3399.0029420233127,-3399.0029420233127,-4072.2956825995843,673.2927405762714,23318.05
CYCLE-11-2026-09-15,2026-09-15,RATIO,SHIFT_RATIO,2026-09-15 14:46:00,Continuation Shift #1 (Sold Δ=0.09 <= 0.10),SELL 65 NIFTY 23300.0 CE @ ₹12.69 (PnL ₹-4097); BUY 130 NIFTY 23350.0 CE @ ₹6.56 (PnL ₹5485); SELL 65 NIFTY 23550.0 CE @ ₹1.30 (PnL ₹-381),-2391.990442023314,-2391.990442023314,-3138.0591721305555,746.0687301072414,23190.8
CYCLE-11-2026-09-15,2026-09-15,RATIO,SHIFT_RATIO,2026-09-15 14:46:00,Continuation Shift #1 (Sold Δ=0.09 <= 0.10),Shifted: Buy 23200.0CE | Sell 2x 23250.0CE | Buy 23350.0CE,-2391.990442023314,-2391.990442023314,-3216.21890610871,824.2284640853965,23190.8
CYCLE-11-2026-09-15,2026-09-15,RATIO,EXIT_ALL,2026-09-15 15:15:00,Expiry Day EOD Square-Off,SELL 65 NIFTY 23200.0 CE @ ₹41.66 (PnL ₹-181); BUY 130 NIFTY 23250.0 CE @ ₹22.67 (PnL ₹384); SELL 65 NIFTY 23350.0 CE @ ₹6.09 (PnL ₹-30),-2219.4381920233127,-2219.4381920233127,-3121.2364021469593,901.7982101236464,23172.35
CYCLE-12-2026-09-22,2026-09-22,CONDOR,ENTRY_CONDOR,2026-09-16 09:20:00,Initial Iron Condor Entry,Sell 23500.0CE (Δ0.28) + Buy 23750.0CE | Sell 23050.0PE (Δ0.30) + Buy 22750.0PE,0.0,0.0,-111.52650416808501,111.52650416808501,23244.45
CYCLE-12-2026-09-22,2026-09-22,CONDOR,EXIT_CONDOR,2026-09-21 09:16:00,Condor Exit (Short PE Δ=0.09 <= 0.1),BUY 65 NIFTY 23500.0 CE @ ₹25.38 (PnL ₹2747); SELL 65 NIFTY 23750.0 CE @ ₹2.50 (PnL ₹-1103); BUY 65 NIFTY 23050.0 PE @ ₹9.91 (PnL ₹4476); SELL 65 NIFTY 22750.0 PE @ ₹0.05 (PnL ₹-1926),4193.575750000001,4193.575750000001,3985.961069531326,207.61468046867503,23361.75
CYCLE-12-2026-09-22,2026-09-22,RATIO,ENTRY_RATIO,2026-09-21 09:16:00,Transition from Condor to PE Ratio (Short PE Δ=0.09),Buy 1x 23350.0PE (Δ0.46) | Sell 2x 23300.0PE (Δ0.37) | Buy 1x 23050.0PE (Δ0.09),4193.575750000001,4193.575750000001,3901.3011169597958,292.274633040205,23361.75
CYCLE-12-2026-09-22,2026-09-22,RATIO,EXIT_ALL,2026-09-22 15:15:00,Expiry Day EOD Square-Off,SELL 65 NIFTY 23350.0 PE @ ₹29.92 (PnL ₹-2558); BUY 130 NIFTY 23300.0 PE @ ₹11.26 (PnL ₹5237); SELL 65 NIFTY 23050.0 PE @ ₹0.45 (PnL ₹-615),6258.287750000002,6258.287750000002,5891.162705225727,367.125044774275,23349.5
CYCLE-13-2026-09-29,2026-09-29,CONDOR,ENTRY_CONDOR,2026-09-23 09:20:00,Initial Iron Condor Entry,Sell 23600.0CE (Δ0.28) + Buy 23800.0CE | Sell 23250.0PE (Δ0.29) + Buy 22950.0PE,0.0,0.0,-106.875873546695,106.875873546695,23407.25
CYCLE-13-2026-09-29,2026-09-29,CONDOR,EXIT_CONDOR,2026-09-24 11:32:00,Condor Exit (Short CE Δ=0.10 <= 0.1),BUY 65 NIFTY 23600.0 CE @ ₹14.26 (PnL ₹2410); SELL 65 NIFTY 23800.0 CE @ ₹12.45 (PnL ₹-147); BUY 65 NIFTY 23250.0 PE @ ₹131.23 (PnL ₹-4787); SELL 65 NIFTY 22950.0 PE @ ₹33.37 (PnL ₹1180),-1343.4503593304173,-1343.4503593304173,-1555.3394353835079,211.88907605309066,23204.05
CYCLE-13-2026-09-29,2026-09-29,RATIO,ENTRY_RATIO,2026-09-24 11:32:00,Transition from Condor to CE Ratio (Short CE Δ=0.10),Buy 1x 23250.0CE (Δ0.47) | Sell 2x 23300.0CE (Δ0.40) | Buy 1x 23600.0CE (Δ0.10),-1343.4503593304173,-1343.4503593304173,-1647.054980245408,303.6046209149907,23204.05
CYCLE-13-2026-09-29,2026-09-29,RATIO,SHIFT_RATIO,2026-09-28 09:16:00,Continuation Shift #1 (Sold Δ=0.10 <= 0.10),SELL 65 NIFTY 23250.0 CE @ ₹15.93 (PnL ₹-5494); BUY 130 NIFTY 23300.0 CE @ ₹11.56 (PnL ₹8731); SELL 65 NIFTY 23600.0 CE @ ₹0.05 (PnL ₹-924),969.8151406695827,969.8151406695827,592.823712910022,376.9914277595607,22966.65
CYCLE-13-2026-09-29,2026-09-29,RATIO,SHIFT_RATIO,2026-09-28 09:16:00,Continuation Shift #1 (Sold Δ=0.10 <= 0.10),Shifted: Buy 23050.0CE | Sell 2x 23100.0CE | Buy 23350.0CE,969.8151406695827,969.8151406695827,509.724955377857,460.0901852917257,22966.65
CYCLE-13-2026-09-29,2026-09-29,RATIO,SHIFT_RATIO,2026-09-28 15:06:00,Continuation Shift #2 (Sold Δ=0.10 <= 0.10),SELL 65 NIFTY 23050.0 CE @ ₹15.58 (PnL ₹-3060); BUY 130 NIFTY 23100.0 CE @ ₹11.66 (PnL ₹4406); SELL 65 NIFTY 23350.0 CE @ ₹0.05 (PnL ₹-553),1762.730640669583,1762.730640669583,1229.2817282636024,533.4489124059806,22782.75
CYCLE-13-2026-09-29,2026-09-29,RATIO,SHIFT_RATIO,2026-09-28 15:06:00,Continuation Shift #2 (Sold Δ=0.10 <= 0.10),Shifted: Buy 22850.0CE | Sell 2x 22900.0CE | Buy 23150.0CE,1762.730640669583,1762.730640669583,1146.9434895766271,615.7871510929557,22782.75
CYCLE-13-2026-09-29,2026-09-29,RATIO,SHIFT_RATIO,2026-09-29 09:25:00,Continuation Shift #3 (Sold Δ=0.10 <= 0.10),SELL 65 NIFTY 22850.0 CE @ ₹13.49 (PnL ₹-3008); BUY 130 NIFTY 22900.0 CE @ ₹9.11 (PnL ₹4316); SELL 65 NIFTY 23150.0 CE @ ₹2.60 (PnL ₹-433),2637.763890669584,2637.763890669584,1948.7776440805583,688.9862465890257,22660.0
CYCLE-13-2026-09-29,2026-09-29,RATIO,SHIFT_RATIO,2026-09-29 09:25:00,Continuation Shift #3 (Sold Δ=0.10 <= 0.10),Shifted: Buy 22700.0CE | Sell 2x 22750.0CE | Buy 22950.0CE,2637.763890669584,2637.763890669584,1868.8383678401783,768.9255228294056,22660.0
CYCLE-13-2026-09-29,2026-09-29,RATIO,EXIT_ALL,2026-09-29 15:15:00,Expiry Day EOD Square-Off,SELL 65 NIFTY 22700.0 CE @ ₹21.28 (PnL ₹-1938); BUY 130 NIFTY 22750.0 CE @ ₹7.21 (PnL ₹3349); SELL 65 NIFTY 22950.0 CE @ ₹0.80 (PnL ₹-361),3686.8703906695846,3686.8703906695846,2844.279417595769,842.5909730738156,22683.75
