Company Name,Industry,Symbol,Series,ISIN Code
Aarti Industries Ltd.,Chemicals,AARTIIND,EQ,INE769A01020
Acutaas Chemicals Ltd.,Healthcare,ACUTAAS,EQ,INE00FF01025
Aegis Logistics Ltd.,Oil Gas & Consumable Fuels,AEGISLOG,EQ,INE208C01025
Affle 3i Ltd.,Information Technology,AFFLE,EQ,INE00WC01027
Amara Raja Energy & Mobility Ltd.,Automobile and Auto Components,ARE&M,EQ,INE885A01032
Amber Enterprises India Ltd.,Consumer Durables,AMBER,EQ,INE371P01015
Anand Rathi Wealth Ltd.,Financial Services,ANANDRATHI,EQ,INE463V01026
Anant Raj Ltd.,Realty,ANANTRAJ,EQ,INE242C01024
Angel One Ltd.,Financial Services,ANGELONE,EQ,INE732I01021
Apollo Tyres Ltd.,Automobile and Auto Components,APOLLOTYRE,EQ,INE438A01022
Ather Energy Ltd.,Automobile and Auto Components,ATHERENERG,EQ,INE0LEZ01016
Avanti Feeds Ltd.,Fast Moving Consumer Goods,AVANTIFEED,EQ,INE871C01038
BEML Ltd.,Capital Goods,BEML,EQ,INE258A01024
Bandhan Bank Ltd.,Financial Services,BANDHANBNK,EQ,INE545U01014
Belrise Industries Ltd.,Automobile and Auto Components,BELRISE,EQ,INE894V01022
Bharat Coking Coal Ltd.,Oil Gas & Consumable Fuels,BHARATCOAL,EQ,INE05XR01022
Brigade Enterprises Ltd.,Realty,BRIGADE,EQ,INE791I01019
CESC Ltd.,Power,CESC,EQ,INE486A01021
Capri Global Capital Ltd.,Financial Services,CGCL,EQ,INE180C01042
Cemindia Projects Ltd.,Construction,CEMPRO,EQ,INE686A01026
Central Depository Services (India) Ltd.,Financial Services,CDSL,EQ,INE736A01011
Central Mine Planning & Design Institute Ltd.,Services,CMPDI,EQ,INE05HV01027
Chennai Petroleum Corporation Ltd.,Oil Gas & Consumable Fuels,CHENNPETRO,EQ,INE178A01016
Cholamandalam Financial Holdings Ltd.,Financial Services,CHOLAHLDNG,EQ,INE149A01033
City Union Bank Ltd.,Financial Services,CUB,EQ,INE491A01021
Cohance Lifesciences Ltd.,Healthcare,COHANCE,EQ,INE03QK01018
Computer Age Management Services Ltd.,Financial Services,CAMS,EQ,INE596I01020
CreditAccess Grameen Ltd.,Financial Services,CREDITACC,EQ,INE741K01010
Crompton Greaves Consumer Electricals Ltd.,Consumer Durables,CROMPTON,EQ,INE299U01018
Cupid Ltd.,Fast Moving Consumer Goods,CUPID,EQ,INE509F01029
Data Patterns (India) Ltd.,Capital Goods,DATAPATTNS,EQ,INE0IX101010
Deepak Fertilisers & Petrochemicals Corp. Ltd.,Chemicals,DEEPAKFERT,EQ,INE501A01019
Delhivery Ltd.,Services,DELHIVERY,EQ,INE148O01028
Devyani International Ltd.,Consumer Services,DEVYANI,EQ,INE872J01023
Dr. Lal Path Labs Ltd.,Healthcare,LALPATHLAB,EQ,INE600L01024
Emmvee Photovoltaic Power Ltd.,Capital Goods,EMMVEE,EQ,INE1C6T01020
Firstsource Solutions Ltd.,Services,FSL,EQ,INE684F01012
Force Motors Ltd.,Automobile and Auto Components,FORCEMOT,EQ,INE451A01017
Gallantt Ispat Ltd.,Capital Goods,GALLANTT,EQ,INE297H01019
Garden Reach Shipbuilders & Engineers Ltd.,Capital Goods,GRSE,EQ,INE382Z01011
Gland Pharma Ltd.,Healthcare,GLAND,EQ,INE068V01023
Godawari Power & Ispat Ltd.,Capital Goods,GPIL,EQ,INE177H01039
Great Eastern Shipping Co. Ltd.,Services,GESHIP,EQ,INE017A01032
Gujarat Mineral Development Corporation Ltd.,Metals & Mining,GMDCLTD,EQ,INE131A01031
HBL Engineering Ltd.,Capital Goods,HBLENGINE,EQ,INE292B01021
HFCL Ltd.,Telecommunication,HFCL,BE,INE548A01028
Himadri Speciality Chemical Ltd.,Chemicals,HSCL,EQ,INE019C01026
IDBI Bank Ltd.,Financial Services,IDBI,EQ,INE008A01015
IFCI Ltd.,Financial Services,IFCI,EQ,INE039A01010
IIFL Finance Ltd.,Financial Services,IIFL,EQ,INE530B01024
ITI Ltd.,Telecommunication,ITI,EQ,INE248A01017
Indraprastha Gas Ltd.,Oil Gas & Consumable Fuels,IGL,EQ,INE203G01027
Inox Wind Ltd.,Capital Goods,INOXWIND,EQ,INE066P01011
Inventurus Knowledge Solutions Ltd.,Information Technology,IKS,EQ,INE115Q01022
JBM Auto Ltd.,Automobile and Auto Components,JBMA,EQ,INE927D01051
JSW Cement Ltd.,Construction Materials,JSWCEMENT,EQ,INE718I01012
Jyoti CNC Automation Ltd.,Capital Goods,JYOTICNC,EQ,INE980O01024
KPIT Technologies Ltd.,Information Technology,KPITTECH,EQ,INE04I401011
Karur Vysya Bank Ltd.,Financial Services,KARURVYSYA,EQ,INE036D01028
Kaynes Technology India Ltd.,Capital Goods,KAYNES,EQ,INE918Z01012
Kec International Ltd.,Construction,KEC,EQ,INE389H01022
Kfin Technologies Ltd.,Financial Services,KFINTECH,EQ,INE138Y01010
Kirloskar Oil Eng Ltd.,Capital Goods,KIRLOSENG,EQ,INE146L01010
MTAR Technologies Ltd.,Capital Goods,MTARTECH,BE,INE864I01014
Manappuram Finance Ltd.,Financial Services,MANAPPURAM,EQ,INE522D01027
Mangalore Refinery & Petrochemicals Ltd.,Oil Gas & Consumable Fuels,MRPL,EQ,INE103A01014
NATCO Pharma Ltd.,Healthcare,NATCOPHARM,EQ,INE987B01026
NBCC (India) Ltd.,Construction,NBCC,EQ,INE095N01031
Navin Fluorine International Ltd.,Chemicals,NAVINFLUOR,EQ,INE048G01026
Netweb Technologies India Ltd.,Information Technology,NETWEB,EQ,INE0NT901020
Neuland Laboratories Ltd.,Healthcare,NEULANDLAB,EQ,INE794A01010
Nuvama Wealth Management Ltd.,Financial Services,NUVAMA,EQ,INE531F01023
Ola Electric Mobility Ltd.,Automobile and Auto Components,OLAELEC,EQ,INE0LXG01040
Onesource Specialty Pharma Ltd.,Healthcare,ONESOURCE,EQ,INE013P01021
PG Electroplast Ltd.,Consumer Durables,PGEL,EQ,INE457L01029
PNB Housing Finance Ltd.,Financial Services,PNBHOUSING,EQ,INE572E01012
Physicswallah Ltd.,Consumer Services,PWL,EQ,INE0LP301011
Pine Labs Ltd.,Financial Services,PINELABS,EQ,INE15B701018
Piramal Pharma Ltd.,Healthcare,PPLPHARMA,EQ,INE0DK501011
Poonawalla Fincorp Ltd.,Financial Services,POONAWALLA,EQ,INE511C01022
R R Kabel Ltd.,Capital Goods,RRKABEL,EQ,INE777K01022
RBL Bank Ltd.,Financial Services,RBLBANK,EQ,INE976G01028
Redington Ltd.,Services,REDINGTON,EQ,INE891D01026
Sagility Ltd.,Information Technology,SAGILITY,EQ,INE0W2G01015
Sai Life Sciences Ltd.,Healthcare,SAILIFE,EQ,INE570L01029
Sammaan Capital Ltd.,Financial Services,SAMMAANCAP,EQ,INE148I01020
Sona BLW Precision Forgings Ltd.,Automobile and Auto Components,SONACOMS,EQ,INE073K01018
Sterlite Technologies Ltd.,Telecommunication,STLTECH,BE,INE089C01029
Syngene International Ltd.,Healthcare,SYNGENE,EQ,INE398R01022
Syrma SGS Technology Ltd.,Capital Goods,SYRMA,EQ,INE0DYJ01015
TD Power Systems Ltd.,Capital Goods,TDPOWERSYS,EQ,INE419M01035
Tata Chemicals Ltd.,Chemicals,TATACHEM,EQ,INE092A01019
Tata Elxsi Ltd.,Information Technology,TATAELXSI,EQ,INE670A01012
Tata Technologies Ltd.,Information Technology,TATATECH,EQ,INE142M01025
Tenneco Clean Air India Ltd.,Automobile and Auto Components,TENNIND,EQ,INE19RI01016
Triveni Turbine Ltd.,Capital Goods,TRITURBINE,EQ,INE152M01016
Urban Company Ltd.,Consumer Services,URBANCO,EQ,INE0CAZ01013
Vedanta Power Ltd.,Power,VEDPOWER,EQ,INE694L01019
Welspun Corp Ltd.,Capital Goods,WELCORP,EQ,INE191B01025
Wockhardt Ltd.,Healthcare,WOCKPHARMA,EQ,INE049B01025
