date,day_name,expiry,expiry_day_name,dte,is_expiry_day,entry_time,spot,atm,ce_entry,pe_entry,diff_pct,comb_premium,exit_time,exit_reason,pnl_pts,gross_inr,costs_inr,net_inr,leg_sl_hits,ce_shifts,pe_shifts,orders,cum_gross_inr,cum_net_inr,peak_net,drawdown_net
2025-09-22,Monday,2025-09-23,Tuesday,1,False,09:30,25286.15,25300.0,60.1,55.45,7.7,115.55,14:28,Combined SL Hit (-20%),-24.9,-1618.5,165.82,-1784.32,2,1,0,6,-1618.5,-1784.32,-1784.32,0.0
2025-09-23,Tuesday,2025-09-23,Tuesday,0,True,09:42,25145.6,25150.0,42.45,45.85,7.37,88.3,09:57,Combined SL Hit (-20%),-22.15,-1439.75,160.1,-1599.85,2,0,1,6,-3058.25,-3384.17,-1784.32,-1599.8500000000001
2025-09-25,Thursday,2025-09-30,Tuesday,5,False,10:35,25027.95,25050.0,99.7,92.4,7.3,192.1,15:15,EOD Exit (15:15),1.49,96.85,181.13,-84.28,2,0,1,6,-2961.4,-3468.4500000000003,-1784.32,-1684.1300000000003
2025-09-26,Friday,2025-09-30,Tuesday,4,False,13:57,24678.15,24700.0,95.0,86.95,8.45,181.95,15:15,EOD Exit (15:15),0.36,23.4,179.48,-156.08,1,0,1,6,-2938.0,-3624.53,-1784.32,-1840.2100000000003
2025-09-29,Monday,2025-09-30,Tuesday,1,False,13:04,24681.35,24700.0,65.15,62.6,3.9,127.75,13:43,Combined SL Hit (-20%),-25.85,-1680.25,222.58,-1902.83,3,1,1,8,-4618.25,-5527.360000000001,-1784.32,-3743.040000000001
2025-09-30,Tuesday,2025-09-30,Tuesday,0,True,09:33,24682.95,24700.0,50.95,50.7,0.49,101.65,13:32,Target Hit (+20%),20.72,1346.8,160.92,1185.88,2,0,1,6,-3271.45,-4341.4800000000005,-1784.32,-2557.1600000000008
2025-10-01,Wednesday,2025-10-07,Tuesday,6,False,09:42,24675.15,24700.0,120.95,114.2,5.57,235.15,15:15,EOD Exit (15:15),1.99,129.35,253.76,-124.41,3,1,1,8,-3142.1,-4465.89,-1784.32,-2681.5700000000006
2025-10-03,Friday,2025-10-07,Tuesday,4,False,09:38,24781.4,24800.0,85.95,81.15,5.57,167.1,15:15,EOD Exit (15:15),11.02,716.3,176.37,539.93,2,1,0,6,-2425.8,-3925.9600000000005,-1784.32,-2141.6400000000003
2025-10-06,Monday,2025-10-07,Tuesday,1,False,09:32,24902.75,24900.0,63.55,58.0,8.69,121.55,15:05,Target Hit (+20%),24.54,1595.1,165.15,1429.95,2,1,0,6,-830.7000000000003,-2496.01,-1784.32,-711.6900000000003
2025-10-07,Tuesday,2025-10-07,Tuesday,0,True,09:40,25141.05,25150.0,37.45,40.4,7.25,77.85,11:21,Combined SL Hit (-20%),-18.72,-1216.8,157.45,-1374.25,2,1,0,6,-2047.5000000000002,-3870.26,-1784.32,-2085.9400000000005
2025-10-08,Wednesday,2025-10-14,Tuesday,6,False,10:21,25128.35,25150.0,110.55,101.15,8.48,211.7,15:15,EOD Exit (15:15),8.03,521.95,185.64,336.31,2,0,1,6,-1525.5500000000002,-3533.9500000000003,-1784.32,-1749.6300000000003
2025-10-09,Thursday,2025-10-14,Tuesday,5,False,09:35,25078.1,25100.0,99.4,96.3,3.11,195.7,15:15,EOD Exit (15:15),-6.51,-423.15,242.31,-665.46,3,1,1,8,-1948.7000000000003,-4199.41,-1784.32,-2415.09
2025-10-13,Monday,2025-10-14,Tuesday,1,False,09:30,25178.95,25200.0,76.65,82.5,7.07,159.15,13:54,Target Hit (+20%),32.52,2113.8,172.84,1940.96,1,1,0,6,165.0999999999999,-2258.45,-1784.32,-474.1299999999999
2025-10-14,Tuesday,2025-10-14,Tuesday,0,True,09:30,25288.3,25300.0,47.8,44.75,6.34,92.55,11:06,Target Hit (+20%),19.61,1274.65,159.08,1115.57,2,0,1,6,1439.75,-1142.8799999999999,-1142.8799999999999,0.0
2025-10-16,Thursday,2025-10-20,Monday,4,False,14:26,25578.1,25600.0,97.25,88.1,9.38,185.35,15:15,EOD Exit (15:15),2.95,191.75,181.1,10.65,1,1,0,6,1631.5,-1132.2299999999998,-1132.2299999999998,0.0
2025-10-17,Friday,2025-10-20,Monday,3,False,09:49,25576.3,25600.0,87.85,91.95,4.44,179.8,15:15,EOD Exit (15:15),22.79,1481.35,177.61,1303.74,2,1,0,6,3112.85,171.51000000000022,171.51000000000022,0.0
2025-10-20,Monday,2025-10-20,Monday,0,True,09:38,25852.75,25850.0,65.2,58.85,9.69,124.05,11:35,Target Hit (+20%),25.21,1638.65,221.87,1416.78,2,1,1,8,4751.5,1588.2900000000002,1588.2900000000002,0.0
2025-10-24,Friday,2025-10-28,Tuesday,4,False,11:08,25829.0,25850.0,106.9,99.8,6.62,206.7,15:15,EOD Exit (15:15),-26.31,-1710.15,247.91,-1958.06,3,1,1,8,3041.35,-369.76999999999975,1588.2900000000002,-1958.06
2025-10-28,Tuesday,2025-10-28,Tuesday,0,True,09:34,26028.8,26050.0,66.5,62.95,5.31,129.45,10:32,Target Hit (+20%),26.09,1695.85,166.34,1529.51,2,0,1,6,4737.2,1159.7400000000002,1588.2900000000002,-428.54999999999995
2025-10-30,Thursday,2025-11-04,Tuesday,5,False,09:40,25935.6,25950.0,143.7,129.75,9.69,273.45,15:15,EOD Exit (15:15),28.35,1842.75,198.68,1644.07,1,0,1,6,6579.95,2803.8100000000004,2803.8100000000004,0.0
2025-10-31,Friday,2025-11-04,Tuesday,4,False,10:49,25825.6,25850.0,112.8,103.0,8.66,215.8,15:15,EOD Exit (15:15),13.6,884.0,186.35,697.65,1,0,1,6,7463.95,3501.4600000000005,3501.4600000000005,0.0
2025-11-03,Monday,2025-11-04,Tuesday,1,False,10:23,25726.1,25750.0,89.65,82.75,7.67,172.4,15:15,EOD Exit (15:15),26.82,1743.3,177.25,1566.05,1,1,0,6,9207.25,5067.51,5067.51,0.0
2025-11-04,Tuesday,2025-11-04,Tuesday,0,True,09:30,25708.1,25700.0,57.95,55.0,5.06,112.95,10:43,Target Hit (+20%),22.85,1485.25,109.74,1375.51,0,0,0,4,10692.5,6443.02,6443.02,0.0
2025-11-06,Thursday,2025-11-11,Tuesday,5,False,10:35,25529.35,25550.0,127.7,116.35,8.87,244.05,15:15,EOD Exit (15:15),26.11,1697.15,193.65,1503.5,1,1,0,6,12389.65,7946.52,7946.52,0.0
2025-11-07,Friday,2025-11-11,Tuesday,4,False,09:37,25328.15,25350.0,106.25,96.2,9.43,202.45,15:15,EOD Exit (15:15),24.82,1613.3,184.41,1428.89,2,1,0,6,14002.949999999999,9375.41,9375.41,0.0
2025-11-10,Monday,2025-11-11,Tuesday,1,False,09:38,25575.35,25600.0,72.1,75.65,4.67,147.75,15:15,EOD Exit (15:15),-7.89,-512.85,228.68,-741.53,3,1,1,8,13490.099999999999,8633.88,9375.41,-741.5300000000007
2025-11-11,Tuesday,2025-11-11,Tuesday,0,True,09:36,25494.15,25500.0,52.0,55.45,6.19,107.45,10:33,Combined SL Hit (-20%),-22.75,-1478.75,163.47,-1642.22,2,1,0,6,12011.349999999999,6991.659999999999,9375.41,-2383.750000000001
2025-11-12,Wednesday,2025-11-18,Tuesday,6,False,13:27,25925.2,25950.0,139.55,126.7,9.19,266.25,15:15,EOD Exit (15:15),2.35,152.75,132.62,20.13,0,0,0,4,12164.099999999999,7011.789999999999,9375.41,-2363.620000000001
2025-11-13,Thursday,2025-11-18,Tuesday,5,False,09:47,25875.65,25900.0,131.3,119.75,8.78,251.05,14:08,Combined SL Hit (-20%),-53.35,-3467.75,198.04,-3665.79,2,1,0,6,8696.349999999999,3345.999999999999,9375.41,-6029.410000000001
2025-11-14,Friday,2025-11-18,Tuesday,4,False,10:12,25776.85,25800.0,132.5,128.2,3.24,260.7,14:24,Target Hit (+20%),52.45,3409.25,198.01,3211.24,1,1,0,6,12105.599999999999,6557.239999999999,9375.41,-2818.170000000001
2025-11-17,Monday,2025-11-18,Tuesday,1,False,09:30,25977.35,26000.0,84.55,80.5,4.77,165.05,14:04,Combined SL Hit (-20%),-34.36,-2233.4,176.25,-2409.65,2,0,1,6,9872.199999999999,4147.589999999998,9375.41,-5227.8200000000015
2025-11-18,Tuesday,2025-11-18,Tuesday,0,True,09:30,25951.75,25950.0,51.85,55.85,7.12,107.7,11:46,Combined SL Hit (-20%),-27.65,-1797.25,217.02,-2014.27,3,1,1,8,8074.949999999999,2133.3199999999983,9375.41,-7242.090000000002
2025-11-19,Wednesday,2025-11-25,Tuesday,6,False,09:50,25887.2,25900.0,150.05,139.2,7.22,289.25,15:15,EOD Exit (15:15),-2.71,-176.15,205.64,-381.79,2,1,0,6,7898.799999999999,1751.5299999999984,9375.41,-7623.880000000001
2025-11-20,Thursday,2025-11-25,Tuesday,5,False,09:33,26098.15,26100.0,137.5,124.05,9.76,261.55,15:15,EOD Exit (15:15),-25.84,-1679.6,263.04,-1942.64,3,1,1,8,6219.199999999999,-191.11000000000172,9375.41,-9566.520000000002
2025-11-21,Friday,2025-11-25,Tuesday,4,False,09:30,26150.35,26150.0,119.3,108.7,8.86,228.0,12:50,Combined SL Hit (-20%),-46.81,-3042.65,191.71,-3234.36,2,0,1,6,3176.549999999999,-3425.470000000002,9375.41,-12800.880000000001
2025-11-24,Monday,2025-11-25,Tuesday,1,False,09:35,26082.0,26100.0,84.45,79.9,5.37,164.35,15:15,EOD Exit (15:15),-1.6,-104.0,233.17,-337.17,3,1,1,8,3072.549999999999,-3762.640000000002,9375.41,-13138.050000000003
2025-11-25,Tuesday,2025-11-25,Tuesday,0,True,09:30,25955.85,25950.0,52.05,51.45,1.15,103.5,10:59,Combined SL Hit (-20%),-24.35,-1582.75,163.24,-1745.99,2,1,0,6,1489.7999999999988,-5508.630000000002,9375.41,-14884.04
2025-11-26,Wednesday,2025-12-02,Tuesday,6,False,11:39,26126.1,26150.0,141.95,129.3,8.89,271.25,15:15,EOD Exit (15:15),-5.19,-337.35,201.2,-538.55,1,1,0,6,1152.449999999999,-6047.180000000002,9375.41,-15422.590000000002
2025-11-27,Thursday,2025-12-02,Tuesday,5,False,09:31,26277.8,26300.0,127.2,114.9,9.65,242.1,15:15,EOD Exit (15:15),1.08,70.2,193.24,-123.04,2,0,1,6,1222.649999999999,-6170.220000000002,9375.41,-15545.630000000001
2025-11-28,Friday,2025-12-02,Tuesday,4,False,09:36,26232.05,26250.0,104.05,95.85,7.86,199.9,15:15,EOD Exit (15:15),18.34,1192.1,183.27,1008.83,1,1,0,6,2414.749999999999,-5161.390000000002,9375.41,-14536.800000000003
2025-12-01,Monday,2025-12-02,Tuesday,1,False,09:32,26285.25,26300.0,80.55,73.9,8.23,154.45,14:55,Target Hit (+20%),31.62,2055.3,172.5,1882.8,2,0,1,6,4470.049999999999,-3278.590000000002,9375.41,-12654.000000000002
2025-12-02,Tuesday,2025-12-02,Tuesday,0,True,09:32,26132.0,26150.0,46.95,49.6,5.31,96.55,12:44,Target Hit (+20%),19.88,1292.2,160.19,1132.01,2,0,1,6,5762.249999999999,-2146.5800000000017,9375.41,-11521.990000000002
2025-12-03,Wednesday,2025-12-09,Tuesday,6,False,10:14,25928.2,25950.0,140.15,127.0,9.36,267.15,15:15,EOD Exit (15:15),13.72,891.8,199.69,692.11,1,1,0,6,6654.049999999999,-1454.4700000000016,9375.41,-10829.880000000001
2025-12-04,Thursday,2025-12-09,Tuesday,5,False,09:37,26025.25,26050.0,113.35,115.9,2.19,229.25,15:15,EOD Exit (15:15),12.95,841.75,253.2,588.55,2,1,1,8,7495.799999999999,-865.9200000000017,9375.41,-10241.330000000002
2025-12-05,Friday,2025-12-09,Tuesday,4,False,09:30,26030.9,26050.0,105.65,97.7,7.5,203.35,15:15,EOD Exit (15:15),25.01,1625.65,185.42,1440.23,2,1,0,6,9121.449999999999,574.3099999999984,9375.41,-8801.100000000002
2025-12-08,Monday,2025-12-09,Tuesday,1,False,09:31,26129.05,26150.0,71.35,71.25,0.14,142.6,13:54,Target Hit (+20%),28.66,1862.9,169.51,1693.39,2,0,1,6,10984.349999999999,2267.6999999999985,9375.41,-7107.710000000001
2025-12-09,Tuesday,2025-12-09,Tuesday,0,True,09:53,25736.2,25750.0,56.3,56.7,0.7,113.0,11:12,Target Hit (+20%),22.9,1488.5,162.68,1325.82,2,1,0,6,12472.849999999999,3593.5199999999986,9375.41,-5781.890000000001
2025-12-10,Wednesday,2025-12-16,Tuesday,6,False,10:16,25926.0,25950.0,130.6,117.55,9.97,248.15,15:15,EOD Exit (15:15),14.31,930.15,193.39,736.76,2,0,1,6,13402.999999999998,4330.279999999999,9375.41,-5045.130000000001
2025-12-11,Thursday,2025-12-16,Tuesday,5,False,09:38,25729.8,25750.0,127.75,115.65,9.45,243.4,15:15,EOD Exit (15:15),23.71,1541.15,193.62,1347.53,2,1,0,6,14944.149999999998,5677.809999999999,9375.41,-3697.6000000000013
2025-12-12,Friday,2025-12-16,Tuesday,4,False,09:31,26032.35,26050.0,98.1,89.75,8.49,187.85,15:15,EOD Exit (15:15),-15.33,-996.45,181.09,-1177.54,2,0,1,6,13947.699999999997,4500.269999999999,9375.41,-4875.140000000001
2025-12-15,Monday,2025-12-16,Tuesday,1,False,09:49,25937.7,25950.0,70.55,77.4,8.82,147.95,15:15,EOD Exit (15:15),21.31,1385.15,170.35,1214.8,2,1,0,6,15332.849999999997,5715.069999999999,9375.41,-3660.340000000001
2025-12-16,Tuesday,2025-12-16,Tuesday,0,True,09:59,25906.1,25900.0,46.75,43.95,5.95,90.7,11:48,Target Hit (+20%),18.31,1190.15,157.9,1032.25,1,0,1,6,16522.999999999996,6747.319999999999,9375.41,-2628.090000000001
2025-12-17,Wednesday,2025-12-23,Tuesday,6,False,09:35,25926.05,25950.0,127.85,116.35,8.97,244.2,15:15,EOD Exit (15:15),6.59,428.35,193.1,235.25,2,0,1,6,16951.349999999995,6982.569999999999,9375.41,-2392.840000000001
2025-12-18,Thursday,2025-12-23,Tuesday,5,False,09:39,25776.1,25800.0,112.55,102.7,8.73,215.25,14:28,Combined SL Hit (-20%),-43.86,-2850.9,249.83,-3100.73,3,1,1,8,14100.449999999995,3881.839999999999,9375.41,-5493.5700000000015
2025-12-19,Friday,2025-12-23,Tuesday,4,False,10:05,25942.2,25950.0,92.95,86.6,6.81,179.55,15:15,EOD Exit (15:15),25.25,1641.25,119.22,1522.03,0,0,0,4,15741.699999999995,5403.869999999999,9375.41,-3971.540000000001
2025-12-22,Monday,2025-12-23,Tuesday,1,False,12:20,26149.45,26150.0,54.35,60.05,9.44,114.4,15:15,EOD Exit (15:15),7.3,474.5,110.58,363.92,0,0,0,4,16216.199999999995,5767.789999999999,9375.41,-3607.620000000001
2025-12-23,Tuesday,2025-12-23,Tuesday,0,True,09:55,26152.65,26150.0,36.85,40.65,9.28,77.5,12:12,Target Hit (+20%),15.85,1030.25,155.52,874.73,2,1,0,6,17246.449999999997,6642.519999999999,9375.41,-2732.8900000000012
2025-12-24,Wednesday,2025-12-30,Tuesday,6,False,09:33,26227.3,26250.0,102.45,97.1,5.21,199.55,15:15,EOD Exit (15:15),28.78,1870.7,183.47,1687.23,1,0,1,6,19117.149999999998,8329.749999999998,9375.41,-1045.6600000000017
2025-12-26,Friday,2025-12-30,Tuesday,4,False,09:38,26096.05,26100.0,77.7,70.0,9.87,147.7,15:15,EOD Exit (15:15),2.76,179.4,171.04,8.36,2,0,1,6,19296.55,8338.109999999999,9375.41,-1037.300000000001
2025-12-29,Monday,2025-12-30,Tuesday,1,False,09:36,26077.1,26100.0,51.85,56.4,8.02,108.25,15:15,EOD Exit (15:15),18.72,1216.8,162.46,1054.34,2,0,1,6,20513.35,9392.449999999999,9392.449999999999,0.0
2025-12-30,Tuesday,2025-12-30,Tuesday,0,True,09:43,25936.85,25950.0,40.6,44.2,8.09,84.8,09:55,Combined SL Hit (-20%),-25.23,-1639.95,209.53,-1849.48,3,1,1,8,18873.399999999998,7542.969999999999,9392.449999999999,-1849.4799999999996
2025-12-31,Wednesday,2026-01-06,Tuesday,6,False,12:45,26125.55,26150.0,104.8,97.1,7.33,201.9,15:15,EOD Exit (15:15),-1.41,-91.65,185.02,-276.67,1,1,0,6,18781.749999999996,7266.299999999999,9392.449999999999,-2126.1499999999996
2026-01-01,Thursday,2026-01-06,Tuesday,5,False,09:30,26187.9,26200.0,88.5,87.9,0.68,176.4,15:15,EOD Exit (15:15),12.97,843.05,177.78,665.27,1,0,1,6,19624.799999999996,7931.57,9392.449999999999,-1460.8799999999992
2026-01-02,Friday,2026-01-06,Tuesday,4,False,09:41,26229.95,26250.0,72.3,72.65,0.48,144.95,15:15,EOD Exit (15:15),4.09,265.85,170.96,94.89,2,1,0,6,19890.649999999994,8026.46,9392.449999999999,-1365.9899999999989
2026-01-05,Monday,2026-01-06,Tuesday,1,False,09:30,26295.7,26300.0,59.5,61.6,3.39,121.1,13:36,Combined SL Hit (-20%),-24.94,-1621.1,221.11,-1842.21,3,1,1,8,18269.549999999996,6184.25,9392.449999999999,-3208.199999999999
2026-01-06,Tuesday,2026-01-06,Tuesday,0,True,09:39,26200.0,26200.0,41.6,39.45,5.13,81.05,11:16,Combined SL Hit (-20%),-23.86,-1550.9,208.1,-1759.0,3,1,1,8,16718.649999999994,4425.25,9392.449999999999,-4967.199999999999
2026-01-07,Wednesday,2026-01-13,Tuesday,6,False,09:30,26128.95,26150.0,108.75,101.85,6.33,210.6,15:15,EOD Exit (15:15),13.9,903.5,185.85,717.65,1,1,0,6,17622.149999999994,5142.9,9392.449999999999,-4249.549999999999
2026-01-08,Thursday,2026-01-13,Tuesday,5,False,09:37,26082.8,26100.0,90.3,91.5,1.31,181.8,15:15,EOD Exit (15:15),21.02,1366.3,179.01,1187.29,2,0,1,6,18988.449999999993,6330.19,9392.449999999999,-3062.2599999999993
2026-01-09,Friday,2026-01-13,Tuesday,4,False,10:22,25875.2,25900.0,94.15,85.65,9.0,179.8,14:18,Target Hit (+20%),36.06,2343.9,177.09,2166.81,2,0,1,6,21332.349999999995,8497.0,9392.449999999999,-895.4499999999989
2026-01-12,Monday,2026-01-13,Tuesday,1,False,09:35,25575.3,25600.0,83.35,83.1,0.3,166.45,12:17,Combined SL Hit (-20%),-46.02,-2991.3,178.1,-3169.4,2,0,1,6,18341.049999999996,5327.6,9392.449999999999,-4064.8499999999985
2026-01-13,Tuesday,2026-01-13,Tuesday,0,True,09:48,25753.1,25750.0,60.8,58.9,3.11,119.7,09:57,Combined SL Hit (-20%),-24.27,-1577.55,219.53,-1797.08,3,1,1,8,16763.499999999996,3530.5200000000004,9392.449999999999,-5861.9299999999985
2026-01-14,Wednesday,2026-01-20,Tuesday,6,False,09:30,25744.95,25750.0,139.8,128.45,8.1,268.25,15:15,EOD Exit (15:15),-7.58,-492.7,199.04,-691.74,2,0,1,6,16270.799999999996,2838.7800000000007,9392.449999999999,-6553.669999999998
2026-01-16,Friday,2026-01-20,Tuesday,4,False,09:44,25725.75,25750.0,111.2,102.95,7.4,214.15,12:30,Combined SL Hit (-20%),-44.04,-2862.6,189.23,-3051.83,2,1,0,6,13408.199999999995,-213.04999999999927,9392.449999999999,-9605.499999999998
2026-01-19,Monday,2026-01-20,Tuesday,1,False,09:30,25544.4,25550.0,83.2,85.8,3.02,169.0,15:15,EOD Exit (15:15),-8.39,-545.35,235.89,-781.24,3,1,1,8,12862.849999999995,-994.2899999999993,9392.449999999999,-10386.739999999998
2026-01-20,Tuesday,2026-01-20,Tuesday,0,True,09:30,25490.35,25500.0,55.5,60.45,8.15,115.95,13:13,Target Hit (+20%),23.19,1507.35,164.45,1342.9,2,0,1,6,14370.199999999995,348.6100000000008,9392.449999999999,-9043.839999999998
2026-01-21,Wednesday,2026-01-27,Tuesday,6,False,13:11,25228.2,25250.0,171.15,158.5,7.38,329.65,15:15,EOD Exit (15:15),19.7,1280.5,212.44,1068.06,1,0,1,6,15650.699999999995,1416.6700000000008,9392.449999999999,-7975.779999999998
2026-01-22,Thursday,2026-01-27,Tuesday,5,False,09:48,25429.1,25450.0,149.1,136.7,8.3,285.8,15:15,EOD Exit (15:15),12.21,793.65,203.43,590.22,2,0,1,6,16444.349999999995,2006.8900000000008,9392.449999999999,-7385.559999999998
2026-01-23,Friday,2026-01-27,Tuesday,4,False,09:30,25330.3,25350.0,118.6,116.5,1.77,235.1,15:15,EOD Exit (15:15),39.04,2537.6,191.14,2346.46,2,0,1,6,18981.949999999993,4353.35,9392.449999999999,-5039.0999999999985
2026-01-27,Tuesday,2026-01-27,Tuesday,0,True,09:34,24989.5,25000.0,96.3,91.5,4.97,187.8,13:29,Target Hit (+20%),40.7,2645.5,179.16,2466.34,2,1,0,6,21627.449999999993,6819.6900000000005,9392.449999999999,-2572.7599999999984
2026-01-28,Wednesday,2026-02-03,Tuesday,6,False,09:32,25331.95,25350.0,249.8,226.9,9.16,476.7,15:15,EOD Exit (15:15),45.72,2971.8,243.44,2728.36,1,0,1,6,24599.249999999993,9548.050000000001,9548.050000000001,0.0
2026-01-29,Thursday,2026-02-03,Tuesday,5,False,09:34,25279.0,25300.0,199.45,192.2,3.63,391.65,11:17,Combined SL Hit (-20%),-79.39,-5160.35,230.53,-5390.88,2,0,1,6,19438.899999999994,4157.170000000001,9548.050000000001,-5390.88
2026-01-30,Friday,2026-02-03,Tuesday,4,False,09:30,25226.25,25250.0,196.7,203.55,3.36,400.25,15:15,EOD Exit (15:15),-18.35,-1192.75,229.36,-1422.11,2,1,0,6,18246.149999999994,2735.0600000000013,9548.050000000001,-6812.99
2026-02-01,Sunday,2026-02-03,Tuesday,2,False,09:30,25308.95,25300.0,211.1,194.0,8.09,405.1,12:30,Combined SL Hit (-20%),-121.58,-7902.7,311.7,-8214.4,3,1,1,8,10343.449999999993,-5479.339999999998,9548.050000000001,-15027.39
2026-02-02,Monday,2026-02-03,Tuesday,1,False,09:31,24903.4,24900.0,161.7,166.55,2.91,328.25,10:31,Target Hit (+20%),66.54,4325.1,210.47,4114.63,1,0,1,6,14668.549999999994,-1364.7099999999982,9548.050000000001,-10912.759999999998
2026-02-03,Tuesday,2026-02-03,Tuesday,0,True,09:31,25785.0,25800.0,122.35,135.1,9.42,257.45,09:52,Target Hit (+20%),51.93,3375.45,198.73,3176.72,1,0,1,6,18043.999999999993,1812.0100000000016,9548.050000000001,-7736.039999999999
2026-02-04,Wednesday,2026-02-10,Tuesday,6,False,09:31,25785.8,25800.0,176.35,180.85,2.48,357.2,15:15,EOD Exit (15:15),29.58,1922.7,219.03,1703.67,1,0,1,6,19966.699999999993,3515.6800000000017,9548.050000000001,-6032.369999999999
2026-02-05,Thursday,2026-02-10,Tuesday,5,False,09:30,25700.3,25700.0,152.0,139.35,8.31,291.35,15:15,EOD Exit (15:15),22.78,1480.7,203.03,1277.67,1,0,1,6,21447.399999999994,4793.350000000002,9548.050000000001,-4754.699999999999
2026-02-06,Friday,2026-02-10,Tuesday,4,False,09:38,25534.55,25550.0,122.2,114.95,5.92,237.15,12:33,Combined SL Hit (-20%),-52.78,-3430.7,257.49,-3688.19,3,1,1,8,18016.699999999993,1105.1600000000021,9548.050000000001,-8442.89
2026-02-09,Monday,2026-02-10,Tuesday,1,False,09:38,25788.8,25800.0,88.05,82.65,6.11,170.7,15:15,EOD Exit (15:15),2.06,133.9,177.03,-43.13,2,1,0,6,18150.599999999995,1062.030000000002,9548.050000000001,-8486.019999999999
2026-02-10,Tuesday,2026-02-10,Tuesday,0,True,09:35,25947.55,25950.0,44.7,47.6,6.05,92.3,11:27,Target Hit (+20%),19.56,1271.4,158.72,1112.68,1,1,0,6,19421.999999999996,2174.710000000002,9548.050000000001,-7373.339999999999
2026-02-11,Wednesday,2026-02-17,Tuesday,6,False,10:11,25926.8,25950.0,134.9,121.45,9.95,256.35,15:15,EOD Exit (15:15),12.45,809.25,130.79,678.46,0,0,0,4,20231.249999999996,2853.170000000002,9548.050000000001,-6694.879999999999
2026-02-12,Thursday,2026-02-17,Tuesday,5,False,09:31,25825.95,25850.0,123.45,113.3,8.2,236.75,15:15,EOD Exit (15:15),17.59,1143.35,191.2,952.15,1,0,1,6,21374.599999999995,3805.320000000002,9548.050000000001,-5742.73
2026-02-13,Friday,2026-02-17,Tuesday,4,False,10:39,25579.4,25600.0,102.35,102.05,0.29,204.4,15:15,EOD Exit (15:15),-11.72,-761.8,185.36,-947.16,2,0,1,6,20612.799999999996,2858.160000000002,9548.050000000001,-6689.889999999999
2026-02-16,Monday,2026-02-17,Tuesday,1,False,09:30,25496.25,25500.0,83.15,86.85,4.25,170.0,15:15,EOD Exit (15:15),3.75,243.75,235.25,8.5,3,1,1,8,20856.549999999996,2866.660000000002,9548.050000000001,-6681.389999999999
2026-02-17,Tuesday,2026-02-17,Tuesday,0,True,09:32,25604.45,25600.0,48.15,51.8,7.01,99.95,15:15,EOD Exit (15:15),7.33,476.45,212.81,263.64,3,1,1,8,21332.999999999996,3130.300000000002,9548.050000000001,-6417.749999999999
2026-02-18,Wednesday,2026-02-24,Tuesday,6,False,09:33,25730.0,25750.0,129.4,137.2,5.67,266.6,15:15,EOD Exit (15:15),-18.78,-1220.7,266.68,-1487.38,3,1,1,8,20112.299999999996,1642.920000000002,9548.050000000001,-7905.129999999999
2026-02-19,Thursday,2026-02-24,Tuesday,5,False,09:37,25790.85,25800.0,116.4,121.15,3.91,237.55,15:15,EOD Exit (15:15),29.71,1931.15,191.66,1739.49,2,0,1,6,22043.449999999997,3382.4100000000017,9548.050000000001,-6165.639999999999
2026-02-20,Friday,2026-02-24,Tuesday,4,False,09:32,25430.0,25450.0,126.55,130.9,3.32,257.45,15:15,EOD Exit (15:15),-1.37,-89.05,196.56,-285.61,2,1,0,6,21954.399999999998,3096.8000000000015,9548.050000000001,-6451.25
2026-02-23,Monday,2026-02-24,Tuesday,1,False,09:31,25747.25,25750.0,106.3,97.45,8.3,203.75,15:15,EOD Exit (15:15),-4.33,-281.45,183.95,-465.4,2,0,1,6,21672.949999999997,2631.4000000000015,9548.050000000001,-6916.65
2026-02-24,Tuesday,2026-02-24,Tuesday,0,True,09:42,25503.3,25500.0,68.85,62.6,9.04,131.45,11:01,Target Hit (+20%),27.23,1769.95,166.87,1603.08,1,0,1,6,23442.899999999998,4234.480000000001,9548.050000000001,-5313.57
2026-02-25,Wednesday,2026-03-02,Monday,5,False,09:49,25576.75,25600.0,149.45,135.65,9.22,285.1,15:15,EOD Exit (15:15),-25.79,-1676.35,271.96,-1948.31,3,1,1,8,21766.55,2286.1700000000014,9548.050000000001,-7261.879999999999
2026-02-26,Thursday,2026-03-02,Monday,4,False,09:36,25531.6,25550.0,131.7,127.45,3.22,259.15,15:15,EOD Exit (15:15),-22.04,-1432.6,197.67,-1630.27,2,0,1,6,20333.95,655.9000000000015,9548.050000000001,-8892.15
2026-02-27,Friday,2026-03-02,Monday,3,False,09:36,25356.1,25350.0,118.45,107.6,9.14,226.05,15:15,EOD Exit (15:15),27.19,1767.35,186.32,1581.03,2,0,1,6,22101.3,2236.930000000001,9548.050000000001,-7311.12
2026-03-02,Monday,2026-03-02,Monday,0,True,09:36,24947.95,24950.0,94.2,99.05,4.88,193.25,10:18,Target Hit (+20%),39.14,2544.1,181.27,2362.83,1,0,1,6,24645.399999999998,4599.760000000001,9548.050000000001,-4948.29
2026-03-04,Wednesday,2026-03-10,Tuesday,6,False,09:30,24353.55,24350.0,330.1,299.65,9.22,629.75,15:15,EOD Exit (15:15),-109.44,-7113.6,289.42,-7403.02,2,1,0,6,17531.799999999996,-2803.2599999999993,9548.050000000001,-12351.310000000001
2026-03-05,Thursday,2026-03-10,Tuesday,5,False,09:30,24567.45,24550.0,250.15,230.45,7.87,480.6,15:15,EOD Exit (15:15),-23.9,-1553.5,249.7,-1803.2,2,1,0,6,15978.299999999996,-4606.459999999999,9548.050000000001,-14154.51
2026-03-06,Friday,2026-03-10,Tuesday,4,False,09:30,24662.35,24650.0,215.8,213.5,1.06,429.3,15:15,EOD Exit (15:15),-3.77,-245.05,236.66,-481.71,2,0,1,6,15733.249999999996,-5088.169999999999,9548.050000000001,-14636.220000000001
2026-03-09,Monday,2026-03-10,Tuesday,1,False,09:30,23775.1,23800.0,223.45,228.45,2.19,451.9,15:15,EOD Exit (15:15),34.93,2270.45,240.26,2030.19,2,1,0,6,18003.699999999997,-3057.979999999999,9548.050000000001,-12606.03
2026-03-10,Tuesday,2026-03-10,Tuesday,0,True,09:32,24142.35,24150.0,83.6,87.3,4.22,170.9,13:38,Target Hit (+20%),35.28,2293.2,237.3,2055.9,3,1,1,8,20296.899999999998,-1002.079999999999,9548.050000000001,-10550.130000000001
2026-03-11,Wednesday,2026-03-17,Tuesday,6,False,09:30,24227.25,24250.0,247.9,249.4,0.6,497.3,15:15,EOD Exit (15:15),8.14,529.1,252.54,276.56,2,0,1,6,20825.999999999996,-725.5199999999991,9548.050000000001,-10273.57
2026-03-12,Thursday,2026-03-17,Tuesday,5,False,09:30,23598.05,23600.0,292.1,266.35,8.81,558.45,15:15,EOD Exit (15:15),37.23,2419.95,266.73,2153.22,1,1,0,6,23245.949999999997,1427.7000000000007,9548.050000000001,-8120.35
2026-03-13,Friday,2026-03-17,Tuesday,4,False,09:31,23487.0,23500.0,228.1,229.25,0.5,457.35,15:15,EOD Exit (15:15),28.69,1864.85,243.11,1621.74,2,0,1,6,25110.799999999996,3049.4400000000005,9548.050000000001,-6498.610000000001
2026-03-16,Monday,2026-03-17,Tuesday,1,False,09:30,23183.8,23200.0,176.45,172.4,2.29,348.85,11:19,Combined SL Hit (-20%),-74.42,-4837.3,295.45,-5132.75,3,1,1,8,20273.499999999996,-2083.3099999999995,9548.050000000001,-11631.36
2026-03-17,Tuesday,2026-03-17,Tuesday,0,True,09:30,23366.7,23350.0,86.85,80.85,6.88,167.7,13:02,Target Hit (+20%),34.16,2220.4,175.76,2044.64,2,1,0,6,22493.899999999998,-38.66999999999939,9548.050000000001,-9586.720000000001
2026-03-18,Wednesday,2026-03-24,Tuesday,6,False,09:33,23720.3,23700.0,230.25,212.0,7.92,442.25,15:15,EOD Exit (15:15),-4.4,-286.0,321.68,-607.68,2,1,1,8,22207.899999999998,-646.3499999999993,9548.050000000001,-10194.4
2026-03-19,Thursday,2026-03-24,Tuesday,5,False,09:30,23315.1,23300.0,226.45,230.5,1.75,456.95,15:15,EOD Exit (15:15),0.13,8.45,243.89,-235.44,2,0,1,6,22216.35,-881.7899999999993,9548.050000000001,-10429.84
2026-03-20,Friday,2026-03-24,Tuesday,4,False,09:30,23279.05,23300.0,229.5,246.2,6.77,475.7,13:26,Combined SL Hit (-20%),-99.65,-6477.25,252.03,-6729.28,2,0,1,6,15739.099999999999,-7611.069999999999,9548.050000000001,-17159.12
2026-03-23,Monday,2026-03-24,Tuesday,1,False,09:30,22714.65,22700.0,221.25,217.9,1.51,439.15,15:15,EOD Exit (15:15),16.47,1070.55,238.83,831.72,2,0,1,6,16809.649999999998,-6779.3499999999985,9548.050000000001,-16327.4
2026-03-24,Tuesday,2026-03-24,Tuesday,0,True,09:30,22848.25,22850.0,101.55,108.75,6.6,210.3,12:24,Combined SL Hit (-20%),-42.97,-2793.05,189.41,-2982.46,2,0,1,6,14016.599999999999,-9761.809999999998,9548.050000000001,-19309.86
2026-03-25,Wednesday,2026-03-30,Monday,5,False,09:30,23220.05,23200.0,308.4,287.05,6.92,595.45,15:15,EOD Exit (15:15),-75.36,-4898.4,279.2,-5177.6,2,1,0,6,9118.199999999999,-14939.409999999998,9548.050000000001,-24487.46
2026-03-27,Friday,2026-03-30,Monday,3,False,09:30,23033.5,23050.0,248.95,255.9,2.71,504.85,15:15,EOD Exit (15:15),45.42,2952.3,251.96,2700.34,1,0,1,6,12070.5,-12239.069999999998,9548.050000000001,-21787.12
2026-03-30,Monday,2026-03-30,Monday,0,True,09:31,22618.75,22600.0,121.45,114.85,5.42,236.3,09:54,Combined SL Hit (-20%),-48.01,-3120.65,196.73,-3317.38,2,1,0,6,8949.85,-15556.449999999997,9548.050000000001,-25104.5
2026-04-01,Wednesday,2026-04-07,Tuesday,6,False,09:30,22911.45,22900.0,327.5,295.55,9.75,623.05,15:15,EOD Exit (15:15),-18.41,-1196.65,279.55,-1476.2,2,0,1,6,7753.200000000001,-17032.649999999998,9548.050000000001,-26580.699999999997
2026-04-02,Thursday,2026-04-07,Tuesday,5,False,09:30,22257.55,22250.0,316.35,291.0,8.01,607.35,15:15,EOD Exit (15:15),40.62,2640.3,278.15,2362.15,2,1,0,6,10393.5,-14670.499999999998,9548.050000000001,-24218.55
2026-04-06,Monday,2026-04-07,Tuesday,1,False,09:30,22609.25,22600.0,219.95,214.1,2.66,434.05,15:15,EOD Exit (15:15),57.09,3710.85,236.47,3474.38,2,1,0,6,14104.35,-11196.119999999999,9548.050000000001,-20744.17
2026-04-07,Tuesday,2026-04-07,Tuesday,0,True,09:34,22860.2,22850.0,103.35,104.95,1.52,208.3,13:32,Target Hit (+20%),42.4,2756.0,247.05,2508.95,3,1,1,8,16860.35,-8687.169999999998,9548.050000000001,-18235.22
2026-04-08,Wednesday,2026-04-13,Monday,5,False,09:30,23897.9,23900.0,234.4,240.65,2.59,475.05,15:15,EOD Exit (15:15),30.92,2009.8,244.69,1765.11,1,1,0,6,18870.149999999998,-6922.059999999999,9548.050000000001,-16470.11
2026-04-09,Thursday,2026-04-13,Monday,4,False,09:30,23949.1,23950.0,205.65,198.7,3.37,404.35,15:15,EOD Exit (15:15),-4.67,-303.55,230.2,-533.75,2,0,1,6,18566.6,-7455.809999999999,9548.050000000001,-17003.86
2026-04-10,Friday,2026-04-13,Monday,3,False,09:30,23945.6,23950.0,159.4,161.15,1.08,320.55,15:15,EOD Exit (15:15),16.42,1067.3,210.28,857.02,1,1,0,6,19633.899999999998,-6598.789999999999,9548.050000000001,-16146.84
2026-04-13,Monday,2026-04-13,Monday,0,True,09:32,23608.9,23600.0,78.75,81.6,3.48,160.35,10:56,Target Hit (+20%),32.78,2130.7,172.49,1958.21,2,1,0,6,21764.6,-4640.579999999999,9548.050000000001,-14188.630000000001
2026-04-15,Wednesday,2026-04-21,Tuesday,6,False,09:30,24183.25,24200.0,231.9,228.5,1.46,460.4,15:15,EOD Exit (15:15),13.95,906.75,160.07,746.68,0,0,0,4,22671.35,-3893.899999999999,9548.050000000001,-13441.95
2026-04-16,Thursday,2026-04-21,Tuesday,5,False,09:32,24364.4,24350.0,190.8,189.7,0.58,380.5,15:15,EOD Exit (15:15),-4.68,-304.2,225.31,-529.51,2,0,1,6,22367.149999999998,-4423.409999999999,9548.050000000001,-13971.46
2026-04-17,Friday,2026-04-21,Tuesday,4,False,09:30,24208.9,24200.0,176.55,175.25,0.74,351.8,15:15,EOD Exit (15:15),3.69,239.85,218.23,21.62,2,1,0,6,22606.999999999996,-4401.789999999999,9548.050000000001,-13949.84
2026-04-20,Monday,2026-04-21,Tuesday,1,False,09:31,24368.65,24350.0,140.85,134.3,4.64,275.15,15:15,EOD Exit (15:15),9.12,592.8,268.99,323.81,2,1,1,8,23199.799999999996,-4077.979999999999,9548.050000000001,-13626.03
2026-04-21,Tuesday,2026-04-21,Tuesday,0,True,09:31,24454.2,24450.0,65.9,63.1,4.23,129.0,12:03,Target Hit (+20%),26.89,1747.85,166.22,1581.63,2,1,0,6,24947.649999999994,-2496.349999999999,9548.050000000001,-12044.4
2026-04-22,Wednesday,2026-04-28,Tuesday,6,False,09:32,24452.2,24450.0,222.45,242.75,8.35,465.2,15:15,EOD Exit (15:15),22.5,1462.5,245.95,1216.55,1,0,1,6,26410.149999999994,-1279.799999999999,9548.050000000001,-10827.85
2026-04-23,Thursday,2026-04-28,Tuesday,5,False,09:33,24205.4,24200.0,197.0,217.05,9.22,414.05,15:15,EOD Exit (15:15),23.4,1521.0,229.77,1291.23,1,1,0,6,27931.149999999994,11.430000000000973,9548.050000000001,-9536.62
2026-04-24,Friday,2026-04-28,Tuesday,4,False,09:30,24053.8,24050.0,177.3,166.5,6.08,343.8,15:15,EOD Exit (15:15),-13.54,-880.1,218.19,-1098.29,2,0,1,6,27051.049999999996,-1086.859999999999,9548.050000000001,-10634.91
2026-04-27,Monday,2026-04-28,Tuesday,1,False,09:32,24029.15,24050.0,118.2,115.75,2.07,233.95,15:15,EOD Exit (15:15),23.76,1544.4,253.89,1290.51,2,1,1,8,28595.449999999997,203.650000000001,9548.050000000001,-9344.4
2026-04-28,Tuesday,2026-04-28,Tuesday,0,True,09:31,24105.3,24100.0,58.05,57.05,1.71,115.1,11:26,Combined SL Hit (-20%),-30.82,-2003.3,219.2,-2222.5,3,1,1,8,26592.149999999998,-2018.849999999999,9548.050000000001,-11566.9
2026-04-29,Wednesday,2026-05-05,Tuesday,6,False,09:34,24092.35,24100.0,197.95,181.05,8.52,379.0,15:15,EOD Exit (15:15),-47.34,-3077.1,227.72,-3304.82,2,1,0,6,23515.05,-5323.669999999999,9548.050000000001,-14871.720000000001
2026-04-30,Thursday,2026-05-05,Tuesday,5,False,09:31,23883.8,23900.0,176.25,192.8,8.57,369.05,15:15,EOD Exit (15:15),-21.86,-1420.9,297.8,-1718.7,3,1,1,8,22094.149999999998,-7042.369999999999,9548.050000000001,-16590.42
2026-05-04,Monday,2026-05-05,Tuesday,1,False,09:40,24276.15,24300.0,120.05,115.2,4.03,235.25,15:15,EOD Exit (15:15),11.33,736.45,190.57,545.88,2,0,1,6,22830.6,-6496.489999999999,9548.050000000001,-16044.54
2026-05-05,Tuesday,2026-05-05,Tuesday,0,True,09:34,24042.75,24050.0,65.9,66.75,1.27,132.65,10:53,Target Hit (+20%),26.79,1741.35,167.56,1573.79,2,0,1,6,24571.949999999997,-4922.699999999999,9548.050000000001,-14470.75
2026-05-06,Wednesday,2026-05-12,Tuesday,6,False,09:30,24175.15,24200.0,205.15,185.85,9.39,391.0,14:20,Combined SL Hit (-20%),-94.28,-6128.2,229.89,-6358.09,2,0,1,6,18443.749999999996,-11280.789999999999,9548.050000000001,-20828.84
2026-05-07,Thursday,2026-05-12,Tuesday,5,False,09:30,24329.2,24350.0,183.45,184.65,0.65,368.1,15:11,Combined SL Hit (-20%),-76.74,-4988.1,224.95,-5213.05,2,1,0,6,13455.649999999996,-16493.84,9548.050000000001,-26041.89
2026-05-08,Friday,2026-05-12,Tuesday,4,False,09:30,24233.25,24250.0,167.1,170.0,1.7,337.1,15:15,EOD Exit (15:15),52.05,3383.25,214.61,3168.64,1,0,1,6,16838.899999999994,-13325.2,9548.050000000001,-22873.25
2026-05-11,Monday,2026-05-12,Tuesday,1,False,09:30,23947.55,23950.0,125.5,121.95,2.82,247.45,14:38,Target Hit (+20%),49.5,3217.5,193.23,3024.27,1,0,1,6,20056.399999999994,-10300.93,9548.050000000001,-19848.980000000003
2026-05-12,Tuesday,2026-05-12,Tuesday,0,True,09:34,23634.65,23650.0,61.5,67.1,8.31,128.6,15:15,EOD Exit (15:15),10.19,662.35,221.08,441.27,3,1,1,8,20718.749999999993,-9859.66,9548.050000000001,-19407.71
2026-05-13,Wednesday,2026-05-19,Tuesday,6,False,10:01,23380.15,23400.0,250.95,233.35,7.0,484.3,15:15,EOD Exit (15:15),39.51,2568.15,249.33,2318.82,1,1,0,6,23286.899999999994,-7540.84,9548.050000000001,-17088.89
2026-05-14,Thursday,2026-05-19,Tuesday,5,False,09:31,23577.85,23600.0,193.15,197.8,2.35,390.95,11:33,Combined SL Hit (-20%),-91.45,-5944.25,232.49,-6176.74,2,0,1,6,17342.649999999994,-13717.58,9548.050000000001,-23265.63
2026-05-15,Friday,2026-05-19,Tuesday,4,False,09:30,23755.55,23750.0,181.5,168.25,7.29,349.75,15:15,EOD Exit (15:15),8.72,566.8,290.99,275.81,3,1,1,8,17909.449999999993,-13441.77,9548.050000000001,-22989.82
2026-05-18,Monday,2026-05-19,Tuesday,1,False,09:33,23384.95,23400.0,130.0,138.95,6.43,268.95,15:01,Combined SL Hit (-20%),-80.33,-5221.45,267.87,-5489.32,3,1,1,8,12687.999999999993,-18931.09,9548.050000000001,-28479.14
2026-05-19,Tuesday,2026-05-19,Tuesday,0,True,09:30,23756.7,23750.0,61.9,65.5,5.47,127.4,09:43,Combined SL Hit (-20%),-32.4,-2106.0,171.4,-2277.4,2,0,1,6,10581.999999999993,-21208.49,9548.050000000001,-30756.54
2026-05-20,Wednesday,2026-05-26,Tuesday,6,False,09:30,23488.1,23500.0,215.55,237.85,9.36,453.4,15:15,EOD Exit (15:15),12.05,783.25,238.85,544.4,2,1,0,6,11365.249999999993,-20664.09,9548.050000000001,-30212.14
2026-05-21,Thursday,2026-05-26,Tuesday,5,False,09:30,23772.15,23750.0,193.85,176.35,9.01,370.2,15:15,EOD Exit (15:15),3.13,203.45,221.0,-17.55,2,0,1,6,11568.699999999993,-20681.64,9548.050000000001,-30229.690000000002
2026-05-22,Friday,2026-05-26,Tuesday,4,False,09:30,23749.75,23750.0,160.6,155.35,3.26,315.95,15:15,EOD Exit (15:15),32.88,2137.2,209.52,1927.68,1,1,0,6,13705.899999999994,-18753.96,9548.050000000001,-28302.010000000002
2026-05-25,Monday,2026-05-26,Tuesday,1,False,09:36,23945.85,23950.0,113.35,102.0,9.99,215.35,13:57,Target Hit (+20%),43.4,2821.0,123.64,2697.36,0,0,0,4,16526.899999999994,-16056.599999999999,9548.050000000001,-25604.65
2026-05-26,Tuesday,2026-05-26,Tuesday,0,True,09:46,24056.75,24050.0,56.15,51.1,8.95,107.25,10:10,Combined SL Hit (-20%),-22.86,-1485.9,163.54,-1649.44,2,0,1,6,15040.999999999995,-17706.039999999997,9548.050000000001,-27254.089999999997
2026-05-27,Wednesday,2026-06-02,Tuesday,6,False,09:31,23886.1,23900.0,171.15,164.0,4.17,335.15,15:15,EOD Exit (15:15),24.62,1600.3,214.06,1386.24,1,1,0,6,16641.299999999996,-16319.799999999997,9548.050000000001,-25867.85
2026-06-01,Monday,2026-06-02,Tuesday,1,False,09:57,23576.0,23600.0,109.65,99.6,9.14,209.25,15:15,EOD Exit (15:15),8.81,572.65,246.14,326.51,3,1,1,8,17213.949999999997,-15993.289999999997,9548.050000000001,-25541.339999999997
2026-06-02,Tuesday,2026-06-02,Tuesday,0,True,09:31,23287.85,23300.0,54.25,58.55,7.31,112.8,15:15,EOD Exit (15:15),9.61,624.65,217.16,407.49,3,1,1,8,17838.6,-15585.799999999997,9548.050000000001,-25133.85
2026-06-03,Wednesday,2026-06-09,Tuesday,6,False,09:30,23278.3,23300.0,209.1,198.9,4.87,408.0,15:15,EOD Exit (15:15),-13.13,-853.45,308.73,-1162.18,3,1,1,8,16985.149999999998,-16747.979999999996,9548.050000000001,-26296.03
2026-06-04,Thursday,2026-06-09,Tuesday,5,False,09:50,23380.5,23400.0,185.15,168.5,8.98,353.65,15:15,EOD Exit (15:15),17.47,1135.55,290.98,844.57,2,1,1,8,18120.699999999997,-15903.409999999996,9548.050000000001,-25451.46
2026-06-05,Friday,2026-06-09,Tuesday,4,False,09:31,23476.25,23500.0,165.1,153.95,6.74,319.05,11:06,Combined SL Hit (-20%),-67.73,-4402.45,214.15,-4616.6,2,0,1,6,13718.249999999996,-20520.009999999995,9548.050000000001,-30068.059999999998
2026-06-08,Monday,2026-06-09,Tuesday,1,False,09:32,23177.25,23200.0,125.0,125.55,0.44,250.55,15:15,EOD Exit (15:15),39.24,2550.6,258.52,2292.08,2,1,1,8,16268.849999999997,-18227.929999999993,9548.050000000001,-27775.979999999996
2026-06-09,Tuesday,2026-06-09,Tuesday,0,True,09:31,23243.4,23250.0,51.9,54.0,3.87,105.9,13:32,Target Hit (+20%),21.57,1402.05,162.14,1239.91,2,0,1,6,17670.899999999998,-16988.019999999993,9548.050000000001,-26536.069999999992
2026-06-10,Wednesday,2026-06-16,Tuesday,6,False,09:30,23336.1,23350.0,188.5,186.95,0.82,375.45,15:15,EOD Exit (15:15),3.51,228.15,298.92,-70.77,2,1,1,8,17899.05,-17058.789999999994,9548.050000000001,-26606.839999999997
2026-06-11,Thursday,2026-06-16,Tuesday,5,False,09:30,23110.35,23100.0,172.2,159.1,7.59,331.3,15:15,EOD Exit (15:15),-28.93,-1880.45,215.98,-2096.43,2,1,0,6,16018.599999999999,-19155.219999999994,9548.050000000001,-28703.269999999997
2026-06-12,Friday,2026-06-16,Tuesday,4,False,09:31,23402.0,23400.0,145.45,132.35,8.99,277.8,15:15,EOD Exit (15:15),3.86,250.9,268.74,-17.84,3,1,1,8,16269.499999999998,-19173.059999999994,9548.050000000001,-28721.109999999993
2026-06-15,Monday,2026-06-16,Tuesday,1,False,09:43,23958.8,23950.0,97.5,104.7,6.86,202.2,12:15,Combined SL Hit (-20%),-48.53,-3154.45,185.27,-3339.72,2,1,0,6,13115.05,-22512.779999999995,9548.050000000001,-32060.829999999994
2026-06-16,Tuesday,2026-06-16,Tuesday,0,True,09:32,23949.15,23950.0,50.85,51.8,1.82,102.65,10:48,Combined SL Hit (-20%),-26.22,-1704.3,162.49,-1866.79,2,0,1,6,11410.75,-24379.569999999996,9548.050000000001,-33927.619999999995
2026-06-17,Wednesday,2026-06-23,Tuesday,6,False,09:30,24024.5,24000.0,165.6,158.75,4.13,324.35,15:15,EOD Exit (15:15),18.38,1194.7,211.9,982.8,1,1,0,6,12605.45,-23396.769999999997,9548.050000000001,-32944.82
2026-06-18,Thursday,2026-06-23,Tuesday,5,False,09:41,24106.4,24100.0,128.3,134.15,4.35,262.45,15:15,EOD Exit (15:15),23.46,1524.9,264.38,1260.52,2,1,1,8,14130.35,-22136.249999999996,9548.050000000001,-31684.299999999996
2026-06-19,Friday,2026-06-23,Tuesday,4,False,09:30,23946.1,23950.0,134.5,123.6,8.09,258.1,15:15,EOD Exit (15:15),45.4,2951.0,195.62,2755.38,1,1,0,6,17081.35,-19380.869999999995,9548.050000000001,-28928.92
2026-06-22,Monday,2026-06-23,Tuesday,1,False,10:09,24154.95,24150.0,75.6,79.6,5.01,155.2,15:15,EOD Exit (15:15),26.6,1729.0,115.67,1613.33,0,0,0,4,18810.35,-17767.539999999994,9548.050000000001,-27315.589999999997
2026-06-23,Tuesday,2026-06-23,Tuesday,0,True,09:30,24097.65,24100.0,37.5,39.7,5.5,77.2,11:45,Combined SL Hit (-20%),-24.44,-1588.6,209.75,-1798.35,3,1,1,8,17221.75,-19565.889999999992,9548.050000000001,-29113.939999999995
2026-06-24,Wednesday,2026-06-30,Tuesday,6,False,09:30,23881.75,23900.0,147.05,156.9,6.27,303.95,15:15,EOD Exit (15:15),17.75,1153.75,277.92,875.83,3,1,1,8,18375.5,-18690.05999999999,9548.050000000001,-28238.109999999993
2026-06-25,Thursday,2026-06-30,Tuesday,5,False,09:30,24147.5,24150.0,114.45,117.4,2.51,231.85,14:15,Combined SL Hit (-20%),-49.35,-3207.75,192.61,-3400.36,2,1,0,6,15167.75,-22090.41999999999,9548.050000000001,-31638.469999999994
2026-06-29,Monday,2026-06-30,Tuesday,1,False,09:30,24050.0,24050.0,94.3,88.75,5.87,183.05,11:33,Combined SL Hit (-20%),-48.94,-3181.1,241.09,-3422.19,3,1,1,8,11986.65,-25512.60999999999,9548.050000000001,-35060.65999999999
2026-06-30,Tuesday,2026-06-30,Tuesday,0,True,09:30,23889.25,23900.0,69.2,68.45,1.08,137.65,11:01,Target Hit (+20%),28.46,1849.9,168.19,1681.71,1,0,1,6,13836.55,-23830.89999999999,9548.050000000001,-33378.94999999999
2026-07-01,Wednesday,2026-07-07,Tuesday,6,False,09:31,23926.45,23950.0,166.95,162.0,2.96,328.95,15:15,EOD Exit (15:15),22.56,1466.4,212.04,1254.36,1,1,0,6,15302.949999999999,-22576.53999999999,9548.050000000001,-32124.58999999999
2026-07-02,Thursday,2026-07-07,Tuesday,5,False,09:33,24128.3,24150.0,130.85,127.8,2.33,258.65,15:15,EOD Exit (15:15),28.49,1851.85,196.37,1655.48,1,0,1,6,17154.8,-20921.05999999999,9548.050000000001,-30469.109999999993
2026-07-03,Friday,2026-07-07,Tuesday,4,False,09:30,24350.45,24350.0,106.4,99.3,6.65,205.7,15:15,EOD Exit (15:15),11.55,750.75,184.13,566.62,2,0,1,6,17905.55,-20354.43999999999,9548.050000000001,-29902.48999999999
2026-07-06,Monday,2026-07-07,Tuesday,1,False,09:32,24361.25,24350.0,75.55,68.0,9.95,143.55,15:15,EOD Exit (15:15),4.74,308.1,171.27,136.83,2,1,0,6,18213.649999999998,-20217.60999999999,9548.050000000001,-29765.65999999999
2026-07-07,Tuesday,2026-07-07,Tuesday,0,True,09:36,24456.45,24450.0,42.05,44.25,4.94,86.3,15:15,EOD Exit (15:15),2.96,192.4,209.13,-16.73,3,1,1,8,18406.05,-20234.33999999999,9548.050000000001,-29782.389999999992
2026-07-08,Wednesday,2026-07-14,Tuesday,6,False,09:30,24224.55,24200.0,153.8,148.55,3.41,302.35,15:15,EOD Exit (15:15),17.97,1168.05,210.26,957.79,2,0,1,6,19574.1,-19276.54999999999,9548.050000000001,-28824.59999999999
2026-07-09,Thursday,2026-07-14,Tuesday,5,False,09:30,24036.05,24050.0,143.8,157.8,8.86,301.6,15:15,EOD Exit (15:15),11.93,775.45,276.9,498.55,2,1,1,8,20349.55,-18777.99999999999,9548.050000000001,-28326.04999999999
2026-07-10,Friday,2026-07-14,Tuesday,4,False,09:34,24188.25,24200.0,113.05,120.35,6.05,233.4,15:15,EOD Exit (15:15),37.3,2424.5,126.48,2298.02,0,0,0,4,22774.05,-16479.97999999999,9548.050000000001,-26028.02999999999
2026-07-13,Monday,2026-07-14,Tuesday,1,False,09:39,24067.95,24050.0,83.55,90.15,7.3,173.7,15:15,EOD Exit (15:15),19.41,1261.65,177.44,1084.21,2,1,0,6,24035.7,-15395.76999999999,9548.050000000001,-24943.819999999992
2026-07-14,Tuesday,2026-07-14,Tuesday,0,True,09:36,24114.6,24100.0,60.35,58.2,3.54,118.55,10:56,Combined SL Hit (-20%),-24.79,-1611.35,166.12,-1777.47,2,0,1,6,22424.350000000002,-17173.23999999999,9548.050000000001,-26721.289999999994
2026-07-15,Wednesday,2026-07-21,Tuesday,6,False,09:30,24208.85,24200.0,161.45,162.95,0.92,324.4,15:15,EOD Exit (15:15),3.71,241.15,212.56,28.59,2,0,1,6,22665.500000000004,-17144.64999999999,9548.050000000001,-26692.69999999999
2026-07-16,Thursday,2026-07-21,Tuesday,5,False,09:30,24138.2,24150.0,133.05,135.65,1.91,268.7,15:15,EOD Exit (15:15),5.21,338.65,266.59,72.06,2,1,1,8,23004.150000000005,-17072.58999999999,9548.050000000001,-26620.639999999992
2026-07-17,Friday,2026-07-21,Tuesday,4,False,09:33,24210.7,24200.0,122.05,132.7,8.01,254.75,15:15,EOD Exit (15:15),-8.51,-553.15,198.65,-751.8,2,1,0,6,22451.000000000004,-17824.38999999999,9548.050000000001,-27372.439999999988
2026-07-20,Monday,2026-07-21,Tuesday,1,False,09:38,24172.05,24150.0,92.5,92.6,0.11,185.1,15:15,EOD Exit (15:15),18.56,1206.4,179.77,1026.63,2,1,0,6,23657.400000000005,-16797.759999999987,9548.050000000001,-26345.80999999999
2026-07-21,Tuesday,2026-07-21,Tuesday,0,True,10:17,24204.5,24200.0,42.75,39.1,8.48,81.85,12:59,Target Hit (+20%),16.39,1065.35,156.7,908.65,2,0,1,6,24722.750000000004,-15889.109999999988,9548.050000000001,-25437.15999999999
2026-07-22,Wednesday,2026-07-28,Tuesday,6,False,09:30,24053.1,24050.0,155.3,161.85,4.04,317.15,15:15,EOD Exit (15:15),11.73,762.45,211.45,551.0,1,0,1,6,25485.200000000004,-15338.109999999988,9548.050000000001,-24886.15999999999
2026-07-23,Thursday,2026-07-28,Tuesday,5,False,09:32,23909.25,23900.0,145.7,131.6,9.66,277.3,15:15,EOD Exit (15:15),13.09,850.85,268.15,582.7,2,1,1,8,26336.050000000003,-14755.409999999987,9548.050000000001,-24303.45999999999
2026-07-24,Friday,2026-07-28,Tuesday,4,False,09:31,23700.75,23700.0,135.35,121.95,9.88,257.3,12:04,Combined SL Hit (-20%),-60.45,-3929.25,197.98,-4127.23,2,0,1,6,22406.800000000003,-18882.639999999985,9548.050000000001,-28430.689999999988
2026-07-27,Monday,2026-07-28,Tuesday,1,False,09:30,23941.35,23950.0,81.65,76.45,6.35,158.1,15:15,EOD Exit (15:15),-2.12,-137.8,230.93,-368.73,3,1,1,8,22269.000000000004,-19251.369999999984,9548.050000000001,-28799.419999999984
2026-07-28,Tuesday,2026-07-28,Tuesday,0,True,09:31,23998.3,24000.0,42.45,43.75,2.95,86.2,10:38,Combined SL Hit (-20%),-17.44,-1133.6,209.57,-1343.17,3,1,1,8,21135.400000000005,-20594.539999999986,9548.050000000001,-30142.58999999999
2026-07-29,Wednesday,2026-08-04,Tuesday,6,False,09:30,24182.5,24200.0,134.55,142.35,5.47,276.9,15:15,EOD Exit (15:15),13.64,886.6,200.53,686.07,1,1,0,6,22022.000000000004,-19908.469999999987,9548.050000000001,-29456.51999999999
2026-07-30,Thursday,2026-08-04,Tuesday,5,False,09:30,24272.35,24250.0,119.3,118.25,0.88,237.55,15:15,EOD Exit (15:15),34.89,2267.85,194.1,2073.75,1,1,0,6,24289.850000000002,-17834.719999999987,9548.050000000001,-27382.76999999999
2026-07-31,Friday,2026-08-04,Tuesday,4,False,09:35,24305.5,24300.0,109.55,98.6,9.97,208.15,15:15,EOD Exit (15:15),0.15,9.75,185.88,-176.13,2,1,0,6,24299.600000000002,-18010.849999999988,9548.050000000001,-27558.899999999987
2026-08-03,Monday,2026-08-04,Tuesday,1,False,09:31,24545.05,24550.0,65.95,63.1,4.3,129.05,15:15,EOD Exit (15:15),-13.08,-850.2,168.2,-1018.4,2,1,0,6,23449.4,-19029.24999999999,9548.050000000001,-28577.29999999999
2026-08-04,Tuesday,2026-08-04,Tuesday,0,True,09:30,24601.75,24600.0,44.7,46.55,3.95,91.25,10:46,Combined SL Hit (-20%),-18.89,-1227.85,159.43,-1387.28,2,1,0,6,22221.550000000003,-20416.529999999988,9548.050000000001,-29964.579999999987
2026-08-05,Wednesday,2026-08-11,Tuesday,6,False,09:42,24627.4,24650.0,144.1,131.3,8.86,275.4,15:15,EOD Exit (15:15),-5.8,-377.0,201.44,-578.44,2,0,1,6,21844.550000000003,-20994.969999999987,9548.050000000001,-30543.01999999999
2026-08-06,Thursday,2026-08-11,Tuesday,5,False,09:34,24625.55,24650.0,140.9,126.95,9.88,267.85,15:15,EOD Exit (15:15),11.17,726.05,200.0,526.05,1,1,0,6,22570.600000000002,-20468.919999999987,9548.050000000001,-30016.969999999987
2026-08-07,Friday,2026-08-11,Tuesday,4,False,09:55,24626.15,24650.0,128.7,135.45,4.97,264.15,15:15,EOD Exit (15:15),41.16,2675.4,197.35,2478.05,1,0,1,6,25246.000000000004,-17990.869999999988,9548.050000000001,-27538.91999999999
2026-08-10,Monday,2026-08-11,Tuesday,1,False,09:34,24534.35,24550.0,99.0,89.25,9.82,188.25,15:15,EOD Exit (15:15),31.05,2018.25,180.8,1837.45,1,1,0,6,27264.250000000004,-16153.419999999987,9548.050000000001,-25701.469999999987
2026-08-11,Tuesday,2026-08-11,Tuesday,0,True,09:30,24483.8,24500.0,66.7,72.85,8.41,139.55,10:37,Target Hit (+20%),28.5,1852.5,113.34,1739.16,0,0,0,4,29116.750000000004,-14414.259999999987,9548.050000000001,-23962.30999999999
2026-08-14,Friday,2026-08-18,Tuesday,4,False,09:54,24326.45,24350.0,95.55,87.7,8.19,183.25,15:15,EOD Exit (15:15),29.34,1907.1,182.47,1724.63,1,1,0,6,31023.850000000002,-12689.629999999986,9548.050000000001,-22237.679999999986
2026-08-17,Monday,2026-08-18,Tuesday,1,False,09:32,24286.35,24300.0,65.3,63.1,3.35,128.4,12:32,Combined SL Hit (-20%),-25.7,-1670.5,168.27,-1838.77,2,0,1,6,29353.350000000002,-14528.399999999987,9548.050000000001,-24076.44999999999
2026-08-18,Tuesday,2026-08-18,Tuesday,0,True,09:36,24244.85,24250.0,35.5,39.3,9.6,74.8,15:14,Target Hit (+20%),16.46,1069.9,155.18,914.72,2,0,1,6,30423.250000000004,-13613.679999999988,9548.050000000001,-23161.72999999999
2026-08-24,Monday,2026-08-25,Tuesday,1,False,11:03,24228.9,24250.0,66.15,62.2,5.94,128.35,15:15,EOD Exit (15:15),2.18,141.7,166.76,-25.06,2,0,1,6,30564.950000000004,-13638.739999999987,9548.050000000001,-23186.789999999986
2026-08-25,Tuesday,2026-08-25,Tuesday,0,True,09:30,24183.2,24200.0,39.65,41.3,3.97,80.95,11:55,Combined SL Hit (-20%),-16.2,-1053.0,207.84,-1260.84,3,1,1,8,29511.950000000004,-14899.579999999987,9548.050000000001,-24447.62999999999
2026-08-31,Monday,2026-09-01,Tuesday,1,False,09:42,24034.85,24050.0,76.2,70.45,7.52,146.65,15:15,EOD Exit (15:15),-9.76,-634.4,172.1,-806.5,2,1,0,6,28877.550000000003,-15706.079999999987,9548.050000000001,-25254.12999999999
2026-09-01,Tuesday,2026-09-01,Tuesday,0,True,09:39,24041.25,24050.0,38.4,40.55,5.26,78.95,13:41,Combined SL Hit (-20%),-16.28,-1058.2,208.01,-1266.21,3,1,1,8,27819.350000000002,-16972.289999999986,9548.050000000001,-26520.33999999999
2026-09-02,Wednesday,2026-09-08,Tuesday,6,False,10:37,23876.1,23900.0,143.25,129.8,9.37,273.05,15:15,EOD Exit (15:15),11.84,769.6,199.06,570.54,1,0,1,6,28588.95,-16401.749999999985,9548.050000000001,-25949.79999999999
2026-09-03,Thursday,2026-09-08,Tuesday,5,False,11:09,23928.6,23950.0,119.7,109.35,8.62,229.05,15:15,EOD Exit (15:15),4.4,286.0,127.18,158.82,0,0,0,4,28874.95,-16242.929999999986,9548.050000000001,-25790.97999999999
2026-09-04,Friday,2026-09-08,Tuesday,4,False,11:19,23975.25,24000.0,98.15,95.95,2.23,194.1,15:15,EOD Exit (15:15),-6.69,-434.85,182.44,-617.29,1,0,1,6,28440.100000000002,-16860.219999999987,9548.050000000001,-26408.26999999999
2026-09-07,Monday,2026-09-08,Tuesday,1,False,09:30,23836.85,23850.0,70.4,73.15,3.74,143.55,15:15,EOD Exit (15:15),-8.21,-533.65,171.42,-705.07,2,0,1,6,27906.45,-17565.289999999986,9548.050000000001,-27113.33999999999
2026-09-08,Tuesday,2026-09-08,Tuesday,0,True,09:35,23682.75,23700.0,48.55,51.95,6.51,100.5,12:00,Combined SL Hit (-20%),-22.0,-1430.0,161.94,-1591.94,2,0,1,6,26476.45,-19157.229999999985,9548.050000000001,-28705.279999999984
2026-09-10,Thursday,2026-09-15,Tuesday,5,False,14:24,23425.35,23450.0,108.75,99.7,8.3,208.45,15:15,EOD Exit (15:15),1.36,88.4,185.53,-97.13,1,0,1,6,26564.850000000002,-19254.359999999986,9548.050000000001,-28802.40999999999
2026-09-11,Friday,2026-09-15,Tuesday,4,False,09:32,23240.7,23250.0,107.95,100.75,6.65,208.7,15:15,EOD Exit (15:15),14.75,958.75,186.06,772.69,2,1,0,6,27523.600000000002,-18481.669999999987,9548.050000000001,-28029.719999999987
2026-09-15,Tuesday,2026-09-15,Tuesday,0,True,09:36,23444.15,23450.0,58.6,55.45,5.35,114.05,12:31,Target Hit (+20%),24.68,1604.2,162.93,1441.27,2,0,1,6,29127.800000000003,-17040.399999999987,9548.050000000001,-26588.44999999999
2026-09-16,Wednesday,2026-09-22,Tuesday,6,False,09:32,23177.55,23200.0,176.05,159.05,9.64,335.1,15:15,EOD Exit (15:15),11.84,769.6,214.54,555.06,1,1,0,6,29897.4,-16485.339999999986,9548.050000000001,-26033.389999999985
2026-09-17,Thursday,2026-09-22,Tuesday,5,False,09:32,23281.0,23300.0,127.0,132.35,4.03,259.35,15:15,EOD Exit (15:15),11.23,729.95,261.32,468.63,2,1,1,8,30627.350000000002,-16016.709999999986,9548.050000000001,-25564.759999999987
2026-09-18,Friday,2026-09-22,Tuesday,4,False,09:30,23295.8,23300.0,115.95,110.3,4.86,226.25,15:15,EOD Exit (15:15),34.06,2213.9,188.16,2025.74,1,1,0,6,32841.25,-13990.969999999987,9548.050000000001,-23539.01999999999
2026-09-21,Monday,2026-09-22,Tuesday,1,False,09:30,23402.9,23400.0,73.9,75.0,1.46,148.9,15:15,EOD Exit (15:15),-11.62,-755.3,228.9,-984.2,3,1,1,8,32085.95,-14975.169999999987,9548.050000000001,-24523.219999999987
2026-09-22,Tuesday,2026-09-22,Tuesday,0,True,09:30,23449.35,23450.0,45.5,48.9,6.91,94.4,12:50,Target Hit (+20%),19.19,1247.35,159.25,1088.1,2,0,1,6,33333.3,-13887.069999999987,9548.050000000001,-23435.119999999988
