timestamp,cycle,spot,cycle_net_pnl,cumulative_short_premium,lcr_pct,is_free_long_call
2025-12-31 12:07:00,1,26080.0,-5649.48,-5649.48,-2.9,False
2025-12-31 12:46:00,2,26130.7,-6702.4,-12351.88,-6.4,False
2026-01-02 09:32:00,3,26214.1,-28.78,-12380.67,-6.4,False
2026-01-02 09:52:00,4,26267.2,-6333.71,-18714.38,-9.7,False
2026-01-05 13:50:00,5,26260.9,2675.31,-16039.07,-8.3,False
2026-01-06 09:16:00,6,26214.7,2675.57,-13363.51,-6.9,False
2026-01-06 11:12:00,7,26195.45,3025.23,-10338.28,-5.4,False
2026-01-06 12:49:00,8,26158.5,2889.55,-7448.73,-3.9,False
2026-01-06 12:57:00,9,26177.55,-2730.37,-10179.09,-5.3,False
2026-01-06 13:27:00,10,26160.9,1275.18,-8903.91,-4.6,False
2026-01-09 11:44:00,11,25755.35,3510.7,-5393.22,-2.8,False
2026-01-12 09:24:00,12,25559.8,4858.58,-534.63,-0.3,False
2026-01-12 14:53:00,13,25791.4,-14673.16,-15207.8,-7.9,False
2026-01-13 10:41:00,14,25763.05,4834.38,-10373.42,-5.4,False
2026-01-13 12:17:00,15,25719.75,2519.73,-7853.69,-4.1,False
2026-01-13 13:25:00,16,25660.75,1664.13,-6189.56,-3.2,False
2026-01-16 09:32:00,17,25692.25,4289.2,-1900.36,-1.0,False
2026-01-16 10:13:00,18,25787.45,-8242.37,-10142.73,-5.3,False
2026-01-16 10:16:00,19,25823.2,-7060.42,-17203.15,-8.9,False
2026-01-16 13:21:00,20,25699.45,9838.02,-7365.13,-3.8,False
2026-01-19 09:15:00,21,25549.65,4390.74,-2974.39,-1.5,False
2026-01-19 15:19:00,22,25571.7,2772.48,-201.91,-0.1,False
2026-01-20 10:43:00,23,25486.6,3044.87,2842.97,1.5,False
2026-01-20 12:10:00,24,25432.6,3278.37,6121.34,3.2,False
2026-01-20 13:35:00,25,25391.95,1878.03,7999.36,4.1,False
2026-01-23 10:16:00,26,25268.4,7070.12,15069.48,7.8,False
2026-01-23 14:21:00,27,25046.95,6195.03,21264.51,11.0,False
2026-01-27 09:21:00,28,24944.45,4348.09,25612.59,13.3,False
2026-01-27 09:37:00,29,25035.4,-3047.43,22565.16,11.7,False
2026-01-27 09:43:00,30,25141.5,-3980.78,18584.39,9.6,False
2026-01-27 10:41:00,31,25055.75,6623.8,25208.19,13.1,False
2026-01-27 11:41:00,32,25112.6,-3400.14,21808.04,11.3,False
2026-01-27 12:49:00,33,25058.5,4620.58,26428.62,13.7,False
2026-01-27 13:19:00,34,25098.05,-2196.16,24232.46,12.6,False
2026-01-28 13:42:00,35,25224.75,17388.44,41620.91,21.6,False
2026-02-01 12:18:00,36,25165.95,14961.02,56581.93,29.3,False
2026-02-01 12:21:00,37,25030.3,11949.05,68530.98,35.5,False
2026-02-01 12:27:00,38,24986.4,12409.52,80940.5,41.9,False
2026-02-01 12:29:00,39,24906.45,11959.23,92899.73,48.1,False
2026-02-01 12:31:00,40,24669.0,11633.17,104532.9,54.1,False
2026-02-01 12:33:00,41,24800.25,11588.32,116121.22,60.1,False
2026-02-01 15:15:00,42,24795.85,12853.92,128975.14,66.8,False
2026-02-01 15:23:00,43,24770.0,7630.07,136605.2,70.8,False
2026-02-02 11:09:00,44,24723.0,6775.39,143380.59,74.3,False
2026-02-02 14:52:00,45,25017.75,-14500.4,128880.19,66.8,False
2026-02-03 09:26:00,46,25778.4,11231.47,140111.66,72.6,False
2026-02-03 09:58:00,47,25724.7,8295.97,148407.64,76.9,False
2026-02-03 13:25:00,48,25785.1,7401.26,155808.9,80.7,False
2026-02-06 09:15:00,49,25602.45,10315.51,166124.41,86.0,False
2026-02-10 11:37:00,50,25943.6,4329.0,170453.42,88.3,False
2026-02-10 12:48:00,51,25984.6,-3200.9,167252.51,86.6,False
2026-02-10 13:22:00,52,25936.3,2228.34,169480.85,87.8,False
2026-02-13 09:15:00,53,25588.65,5047.9,174528.76,90.4,False
2026-02-16 09:15:00,54,25428.7,5029.12,179557.88,93.0,False
2026-02-17 13:55:00,55,25719.95,3667.4,183225.28,94.9,False
2026-02-19 15:17:00,56,25429.25,3744.14,186969.42,96.8,False
2026-02-24 09:15:00,57,25592.9,8300.98,195270.4,101.1,True
2026-02-24 10:17:00,58,25477.1,4442.0,199712.4,103.4,True
2026-02-24 12:08:00,59,25464.55,3005.98,202718.38,105.0,True
2026-02-24 13:24:00,60,25397.75,2286.8,205005.18,106.2,True
2026-02-26 13:17:00,61,25409.4,6032.21,211037.39,109.3,True
2026-02-27 11:34:00,62,25284.55,3597.95,214635.33,111.2,True
2026-03-02 09:15:00,63,24858.35,5189.91,219825.24,113.9,True
2026-03-02 10:06:00,64,24899.7,2448.44,222273.68,115.1,True
2026-03-02 10:44:00,65,24813.7,2630.2,224903.88,116.5,True
2026-03-02 10:58:00,66,24855.9,-724.81,224179.07,116.1,True
2026-03-02 11:37:00,67,24808.9,2415.94,226595.0,117.4,True
2026-03-02 12:28:00,68,24724.85,1638.18,228233.19,118.2,True
2026-03-02 13:32:00,69,24673.65,1304.32,229537.51,118.9,True
2026-03-04 14:11:00,70,24504.1,-2346.59,227190.92,117.7,True
2026-03-05 14:41:00,71,24742.4,3.56,227194.48,117.7,True
2026-03-05 14:54:00,72,24846.25,-2004.38,225190.09,116.6,True
2026-03-06 13:52:00,73,24573.7,5150.44,230340.53,119.3,True
2026-03-09 09:15:00,74,23909.1,6169.88,236510.41,122.5,True
2026-03-09 11:40:00,75,23927.25,-1402.2,235108.21,121.8,True
2026-03-09 15:03:00,76,24042.45,-2638.84,232469.38,120.4,True
2026-03-10 12:18:00,77,24182.6,1103.37,233572.75,121.0,True
2026-03-10 14:34:00,78,24215.3,717.72,234290.46,121.4,True
2026-03-11 10:08:00,79,24123.15,4356.0,238646.46,123.6,True
2026-03-11 12:39:00,80,23973.6,5813.22,244459.68,126.6,True
2026-03-11 14:59:00,81,23872.4,6350.53,250810.21,129.9,True
2026-03-12 09:15:00,82,23585.9,8232.86,259043.07,134.2,True
2026-03-12 10:58:00,83,23736.75,-2383.34,256659.73,132.9,True
2026-03-13 09:15:00,84,23465.85,7445.28,264105.01,136.8,True
2026-03-13 12:38:00,85,23211.55,6042.17,270147.18,139.9,True
2026-03-16 09:16:00,86,23133.0,4474.27,274621.45,142.2,True
2026-03-16 09:36:00,87,23244.45,-1870.07,272751.38,141.3,True
2026-03-16 10:55:00,88,22967.6,5142.9,277894.27,143.9,True
2026-03-16 14:23:00,89,23311.7,-4201.77,273692.5,141.8,True
2026-03-17 10:00:00,90,23498.15,-1968.87,271723.63,140.7,True
2026-03-17 10:19:00,91,23554.3,-690.25,271033.38,140.4,True
2026-03-17 10:36:00,92,23448.8,1404.93,272438.31,141.1,True
2026-03-17 11:56:00,93,23377.2,510.28,272948.59,141.4,True
2026-03-17 13:02:00,94,23502.65,-1431.3,271517.29,140.6,True
2026-03-17 14:23:00,95,23537.25,374.12,271891.41,140.8,True
2026-03-18 11:43:00,96,23829.2,-2736.18,269155.23,139.4,True
2026-03-19 09:15:00,97,23334.7,5456.17,274611.4,142.2,True
2026-03-19 09:47:00,98,23241.9,1903.74,276515.14,143.2,True
2026-03-19 14:55:00,99,22991.55,5669.27,282184.41,146.2,True
2026-03-19 14:57:00,100,22973.5,2997.16,285181.57,147.7,True
2026-03-19 15:18:00,101,23033.1,-2801.06,282380.51,146.3,True
2026-03-20 09:15:00,102,23211.45,-1885.43,280495.08,145.3,True
2026-03-20 12:22:00,103,23164.6,4885.22,285380.3,147.8,True
2026-03-20 13:26:00,104,23269.05,-2010.12,283370.18,146.8,True
2026-03-20 14:50:00,105,23068.15,5544.61,288914.78,149.6,True
2026-03-20 15:03:00,106,23168.7,-1835.07,287079.72,148.7,True
2026-03-20 15:09:00,107,23124.45,3227.19,290306.9,150.4,True
2026-03-23 09:15:00,108,22661.6,4729.18,295036.08,152.8,True
2026-03-23 10:51:00,109,22515.55,4677.37,299713.45,155.2,True
2026-03-23 13:50:00,110,22619.9,-1428.92,298284.54,154.5,True
2026-03-24 09:15:00,111,22851.25,-291.14,297993.39,154.3,True
2026-03-24 09:25:00,112,22824.65,-1148.32,296845.07,153.8,True
2026-03-24 10:04:00,113,22705.6,2649.59,299494.67,155.1,True
2026-03-24 12:23:00,114,22846.15,-1421.08,298073.58,154.4,True
2026-03-24 12:35:00,115,22944.35,-1632.87,296440.72,153.5,True
2026-03-24 14:03:00,116,22966.25,500.54,296941.26,153.8,True
2026-03-25 10:40:00,117,23317.15,-2886.73,294054.53,152.3,True
2026-03-27 09:19:00,118,23041.8,7276.72,301331.24,156.1,True
2026-03-27 14:31:00,119,22874.15,6335.61,307666.85,159.4,True
2026-03-27 15:03:00,120,22823.45,3313.75,310980.6,161.1,True
2026-03-27 15:05:00,121,22822.2,3109.79,314090.39,162.7,True
2026-03-27 15:07:00,122,22815.7,3006.85,317097.24,164.2,True
2026-03-30 09:15:00,123,22487.95,3697.33,320794.56,166.2,True
2026-03-30 09:34:00,124,22683.6,-3715.94,317078.62,164.2,True
2026-03-30 10:18:00,125,22554.8,2630.17,319708.8,165.6,True
2026-03-30 11:46:00,126,22465.9,837.65,320546.45,166.0,True
2026-03-30 13:48:00,127,22454.35,536.24,321082.7,166.3,True
2026-04-01 10:25:00,128,22800.15,7651.31,328734.01,170.3,True
2026-04-01 13:40:00,129,22713.8,7168.94,335902.95,174.0,True
2026-04-02 09:15:00,130,22224.2,8667.49,344570.44,178.5,True
2026-04-02 12:38:00,131,22357.35,-1920.71,342649.73,177.5,True
2026-04-02 13:28:00,132,22461.75,-2738.66,339911.07,176.1,True
2026-04-02 14:13:00,133,22628.25,-3073.81,336837.26,174.5,True
2026-04-06 13:16:00,134,22873.3,-328.04,336509.23,174.3,True
2026-04-06 15:12:00,135,22995.75,-1507.18,335002.05,173.5,True
2026-04-07 10:16:00,136,22936.4,-2918.69,332083.36,172.0,True
2026-04-07 11:00:00,137,22831.85,2302.83,334386.2,173.2,True
2026-04-07 11:57:00,138,22990.9,-2358.84,332027.35,172.0,True
2026-04-07 12:56:00,139,22930.95,584.89,332612.25,172.3,True
2026-04-07 13:42:00,140,23054.7,-1873.37,330738.88,171.3,True
2026-04-08 09:23:00,141,23874.8,2955.53,333694.4,172.8,True
2026-04-09 09:49:00,142,23817.3,3614.47,337308.87,174.7,True
2026-04-10 09:19:00,143,23966.25,10.5,337319.37,174.7,True
2026-04-10 09:24:00,144,23918.85,845.33,338164.69,175.2,True
2026-04-10 09:27:00,145,23909.9,795.44,338960.14,175.6,True
2026-04-13 09:15:00,146,23629.05,1202.05,340162.19,176.2,True
2026-04-13 09:55:00,147,23663.4,-1246.04,338916.15,175.5,True
2026-04-13 11:55:00,148,23804.85,-1841.31,337074.83,174.6,True
2026-04-13 14:39:00,149,23871.45,555.76,337630.59,174.9,True
2026-04-16 09:17:00,150,24379.25,-918.95,336711.64,174.4,True
2026-04-16 12:54:00,151,24124.05,3537.4,340249.05,176.2,True
2026-04-16 14:34:00,152,24221.35,-1655.94,338593.1,175.4,True
2026-04-17 14:44:00,153,24340.45,-1364.8,337228.3,174.7,True
2026-04-21 09:15:00,154,24427.2,2763.61,339991.91,176.1,True
2026-04-21 13:42:00,155,24541.0,1787.22,341779.13,177.0,True
2026-04-23 09:15:00,156,24156.7,5224.06,347003.19,179.7,True
2026-04-24 09:15:00,157,24151.85,2051.8,349054.99,180.8,True
2026-04-24 14:06:00,158,23818.5,4256.01,353310.99,183.0,True
2026-04-28 09:15:00,159,24034.3,1960.98,355271.97,184.0,True
2026-04-28 11:25:00,160,24095.5,1067.78,356339.75,184.6,True
2026-04-28 12:22:00,161,24010.7,633.44,356973.19,184.9,True
2026-04-28 14:03:00,162,24004.35,325.55,357298.74,185.1,True
2026-04-30 09:16:00,163,23951.2,1544.68,358843.42,185.9,True
2026-05-04 09:41:00,164,24283.25,-2569.81,356273.61,184.5,True
2026-05-04 12:14:00,165,24117.0,2469.47,358743.08,185.8,True
2026-05-04 13:30:00,166,24017.9,2098.14,360841.23,186.9,True
2026-05-04 14:18:00,167,24138.95,963.62,361804.85,187.4,True
2026-05-05 10:10:00,168,23981.5,857.09,362661.95,187.8,True
2026-05-05 11:41:00,169,23922.2,766.41,363428.36,188.2,True
2026-05-05 13:00:00,170,24019.0,-1147.81,362280.55,187.6,True
2026-05-05 13:07:00,171,24060.85,-1239.08,361041.47,187.0,True
2026-05-06 14:25:00,172,24269.55,-3197.35,357844.12,185.3,True
2026-05-07 12:38:00,173,24412.2,-260.59,357583.53,185.2,True
2026-05-08 09:15:00,174,24198.25,3973.81,361557.34,187.3,True
2026-05-08 13:59:00,175,24137.2,1217.91,362775.24,187.9,True
2026-05-11 09:15:00,176,23943.2,3113.25,365888.49,189.5,True
2026-05-11 15:05:00,177,23820.9,1099.36,366987.86,190.1,True
2026-05-12 10:23:00,178,23636.85,928.5,367916.36,190.6,True
2026-05-12 12:44:00,179,23527.25,724.3,368640.66,190.9,True
2026-05-12 13:36:00,180,23517.25,393.69,369034.34,191.1,True
2026-05-13 12:14:00,181,23511.95,-1857.97,367176.37,190.2,True
2026-05-14 11:42:00,182,23657.0,-731.5,366444.87,189.8,True
2026-05-15 14:53:00,183,23620.45,1656.14,368101.01,190.7,True
2026-05-18 09:15:00,184,23403.0,1328.6,369429.61,191.3,True
2026-05-19 09:27:00,185,23759.45,-1659.68,367769.93,190.5,True
2026-05-19 11:26:00,186,23711.3,565.4,368335.32,190.8,True
2026-05-19 13:04:00,187,23713.35,390.41,368725.73,191.0,True
2026-05-19 13:54:00,188,23699.55,276.91,369002.64,191.1,True
2026-05-20 11:22:00,189,23592.6,-2803.84,366198.8,189.7,True
2026-05-21 09:15:00,190,23835.85,-3276.42,362922.38,188.0,True
2026-05-25 09:15:00,191,23964.8,-466.88,362455.5,187.7,True
2026-05-26 09:15:00,192,23970.9,874.01,363329.51,188.2,True
2026-05-26 12:02:00,193,24022.1,607.58,363937.09,188.5,True
2026-05-26 13:03:00,194,23971.5,451.94,364389.03,188.7,True
2026-05-26 13:51:00,195,23943.3,335.28,364724.31,188.9,True
2026-05-29 12:05:00,196,23868.85,1479.01,366203.32,189.7,True
2026-05-29 15:04:00,197,23569.4,3510.86,369714.18,191.5,True
2026-06-01 09:56:00,198,23570.7,3501.85,373216.03,193.3,True
2026-06-01 14:13:00,199,23423.7,1040.6,374256.63,193.8,True
2026-06-02 11:38:00,200,23296.0,568.61,374825.24,194.1,True
2026-06-02 12:44:00,201,23371.3,-1414.41,373410.83,193.4,True
2026-06-02 13:30:00,202,23514.7,-1508.38,371902.45,192.6,True
2026-06-03 13:47:00,203,23385.3,-2178.18,369724.27,191.5,True
2026-06-05 14:20:00,204,23302.25,3984.67,373708.94,193.6,True
2026-06-08 09:15:00,205,23098.55,1753.67,375462.61,194.5,True
2026-06-09 09:15:00,206,23229.05,893.34,376355.95,194.9,True
2026-06-09 10:23:00,207,23150.25,766.35,377122.3,195.3,True
2026-06-09 13:26:00,208,23196.65,477.89,377600.2,195.6,True
2026-06-10 13:04:00,209,23417.35,-1411.84,376188.36,194.8,True
2026-06-11 09:15:00,210,23104.4,3525.24,379713.6,196.7,True
2026-06-12 13:57:00,211,23504.85,-4109.03,375604.57,194.5,True
2026-06-15 09:15:00,212,23963.8,-4585.92,371018.65,192.2,True
2026-06-16 09:15:00,213,23909.35,789.68,371808.33,192.6,True
2026-06-16 12:15:00,214,23920.6,523.3,372331.63,192.9,True
2026-06-16 13:37:00,215,23974.65,-565.69,371765.93,192.6,True
2026-06-19 14:35:00,216,23975.85,960.8,372726.73,193.1,True
2026-06-22 15:07:00,217,24110.05,545.9,373272.63,193.3,True
2026-06-23 11:47:00,218,24046.25,730.65,374003.28,193.7,True
2026-06-23 13:00:00,219,23925.2,461.66,374464.94,194.0,True
2026-06-23 14:19:00,220,23897.45,215.34,374680.28,194.1,True
2026-06-25 11:57:00,221,24230.75,-2902.4,371777.89,192.6,True
2026-06-29 09:15:00,222,24087.7,1425.02,373202.9,193.3,True
2026-06-30 09:15:00,223,23989.45,1483.83,374686.73,194.1,True
2026-06-30 12:11:00,224,23925.85,591.28,375278.01,194.4,True
2026-06-30 14:03:00,225,23891.45,409.88,375687.9,194.6,True
2026-07-01 10:22:00,226,24012.5,-1784.46,373903.43,193.7,True
2026-07-02 14:39:00,227,24173.45,-157.47,373745.97,193.6,True
2026-07-03 09:15:00,228,24317.3,-2906.71,370839.26,192.1,True
2026-07-06 12:12:00,229,24435.55,-338.24,370501.02,191.9,True
2026-07-07 09:15:00,230,24466.05,782.6,371283.62,192.3,True
2026-07-07 12:31:00,231,24479.0,529.79,371813.41,192.6,True
2026-07-07 14:16:00,232,24455.5,88.93,371902.34,192.6,True
2026-07-08 14:09:00,233,23926.5,1681.73,373584.07,193.5,True
2026-07-13 09:15:00,234,24021.55,2262.47,375846.55,194.7,True
2026-07-14 09:42:00,235,24084.0,672.33,376518.88,195.0,True
2026-07-14 11:57:00,236,24096.45,419.57,376938.44,195.2,True
2026-07-14 13:35:00,237,24071.0,101.89,377040.33,195.3,True
2026-07-20 09:17:00,238,24226.1,1840.05,378880.39,196.2,True
2026-07-21 09:15:00,239,24242.85,1035.72,379916.11,196.8,True
2026-07-21 10:52:00,240,24166.75,510.28,380426.39,197.0,True
2026-07-21 13:33:00,241,24176.65,231.52,380657.91,197.2,True
2026-07-23 12:42:00,242,23863.2,1457.19,382115.11,197.9,True
2026-07-24 09:36:00,243,23678.55,620.45,382735.56,198.2,True
2026-07-28 09:32:00,244,23994.2,633.45,383369.01,198.6,True
2026-07-28 13:01:00,245,24003.8,169.97,383538.98,198.7,True
2026-07-29 14:03:00,246,24267.75,-988.41,382550.57,198.1,True
2026-07-30 12:33:00,247,24330.4,-926.33,381624.24,197.7,True
2026-07-31 12:45:00,248,24406.85,-644.66,380979.58,197.3,True
2026-08-03 15:29:00,249,24774.3,-1270.63,379708.94,196.7,True
2026-08-04 10:56:00,250,24572.6,750.12,380459.06,197.1,True
2026-08-04 13:47:00,251,24457.1,484.32,380943.38,197.3,True
2026-08-10 09:16:00,252,24579.45,2584.55,383527.94,198.7,True
2026-08-10 14:14:00,253,24587.95,1793.73,385321.67,199.6,True
2026-08-11 10:39:00,254,24478.95,1119.59,386441.26,200.2,True
2026-08-11 13:20:00,255,24448.8,507.02,386948.28,200.4,True
2026-08-13 10:30:00,256,24313.0,2545.58,389493.85,201.7,True
2026-08-13 11:57:00,257,24371.2,-1385.13,388108.73,201.0,True
2026-08-17 09:15:00,258,24307.95,2210.1,390318.83,202.2,True
2026-08-18 09:15:00,259,24245.6,964.64,391283.47,202.7,True
2026-08-18 12:41:00,260,24204.05,575.1,391858.56,203.0,True
2026-08-18 14:55:00,261,24212.1,56.52,391915.08,203.0,True
2026-08-24 09:15:00,262,24297.35,1243.25,393158.33,203.6,True
2026-08-24 12:24:00,263,24192.7,772.77,393931.1,204.0,True
2026-08-25 09:15:00,264,24147.45,581.69,394512.8,204.3,True
2026-08-25 10:59:00,265,24142.7,510.28,395023.07,204.6,True
2026-08-25 13:49:00,266,24133.85,315.82,395338.89,204.8,True
2026-08-27 10:00:00,267,24190.55,2231.31,397570.2,205.9,True
2026-08-31 09:15:00,268,24046.0,1635.33,399205.54,206.8,True
2026-09-01 09:15:00,269,24039.4,964.55,400170.09,207.3,True
2026-09-01 11:30:00,270,24142.3,-1251.42,398918.67,206.6,True
2026-09-01 13:11:00,271,24062.05,238.01,399156.69,206.7,True
2026-09-02 14:07:00,272,23894.6,-902.8,398253.89,206.3,True
2026-09-03 09:15:00,273,23976.1,-752.52,397501.37,205.9,True
2026-09-03 09:45:00,274,24019.75,-1153.85,396347.51,205.3,True
2026-09-04 14:45:00,275,23937.35,2036.74,398384.26,206.3,True
2026-09-07 09:15:00,276,23838.4,1745.69,400129.95,207.3,True
2026-09-08 09:15:00,277,23691.6,526.83,400656.78,207.5,True
2026-09-08 13:29:00,278,23647.05,238.01,400894.79,207.6,True
2026-09-10 15:39:00,279,23477.8,614.0,401508.78,208.0,True
2026-09-15 10:20:00,280,23376.95,455.17,401963.96,208.2,True
2026-09-15 12:58:00,281,23304.0,270.43,402234.39,208.3,True
2026-09-15 14:15:00,282,23209.2,37.16,402271.55,208.4,True
2026-09-21 09:15:00,283,23345.85,2811.35,405082.89,209.8,True
2026-09-22 10:30:00,284,23429.1,413.06,405495.96,210.0,True
2026-09-22 13:03:00,285,23323.4,105.13,405601.08,210.1,True
2026-09-24 09:15:00,286,23258.0,2251.09,407852.17,211.2,True
2026-09-28 09:15:00,287,22974.5,725.06,408577.24,211.6,True
2026-09-29 09:15:00,288,22720.35,793.2,409370.44,212.0,True
2026-09-29 12:32:00,289,22631.65,393.58,409764.02,212.2,True
2026-09-29 14:59:00,290,22673.25,33.83,409797.84,212.3,True
