cycle_num,expiry,strike,entry_datetime,entry_price,exit_datetime,exit_price,lots,qty,exit_reason,entry_delta,score,gross_pnl,friction,net_pnl,cumulative_net_premium,lcr_pct,is_free_long_call
1,2026-01-06,26200.0,2025-12-31 09:20:00,47.9,2025-12-31 12:07:00,62.15,6,390,SHORT_DELTA_EXPANSION (0.35 >= 0.35),0.27,6179.8,-5557.5,91.98,-5649.48,-5649.48,-2.9,False
2,2026-01-06,26250.0,2025-12-31 12:08:00,47.05,2025-12-31 12:46:00,64.0,6,390,SHORT_DELTA_EXPANSION (0.36 >= 0.35),0.28,5488.9,-6610.5,91.9,-6702.4,-12351.88,-6.4,False
3,2026-01-06,26300.0,2025-12-31 12:47:00,46.5,2026-01-02 09:32:00,46.35,6,390,SHORT_DELTA_EXPANSION (0.35 >= 0.35),0.28,5510.4,58.5,87.28,-28.78,-12380.67,-6.4,False
4,2026-01-06,26350.0,2026-01-02 09:33:00,26.8,2026-01-02 09:52:00,42.85,6,390,SHORT_DELTA_EXPANSION (0.35 >= 0.35),0.23,4080.6,-6259.5,74.21,-6333.71,-18714.38,-9.7,False
5,2026-01-06,26500.0,2026-01-02 09:53:00,10.65,2026-01-05 13:50:00,3.65,6,390,PROFIT_TARGET (65.7% >= 65.0%),0.1,3946.6,2730.0,54.69,2675.31,-16039.07,-8.3,False
6,2026-01-06,26400.0,2026-01-05 13:51:00,10.35,2026-01-06 09:16:00,3.35,6,390,PROFIT_TARGET (67.6% >= 65.0%),0.13,6473.6,2730.0,54.43,2675.57,-13363.51,-6.9,False
7,2026-01-06,26300.0,2026-01-06 09:20:00,12.15,2026-01-06 11:12:00,4.25,6,390,PROFIT_TARGET (65.0% >= 65.0%),0.11,13509.5,3081.0,55.77,3025.23,-10338.28,-5.4,False
8,2026-01-06,26250.0,2026-01-06 11:13:00,11.1,2026-01-06 12:49:00,3.55,6,390,PROFIT_TARGET (68.0% >= 65.0%),0.19,6848.1,2944.5,54.95,2889.55,-7448.73,-3.9,False
9,2026-01-06,26200.0,2026-01-06 12:50:00,11.6,2026-01-06 12:57:00,18.45,6,390,SHORT_DELTA_EXPANSION (0.36 >= 0.35),0.24,6862.7,-2671.5,58.87,-2730.37,-10179.09,-5.3,False
10,2026-01-06,26250.0,2026-01-06 12:58:00,5.15,2026-01-06 13:27:00,1.75,6,390,PROFIT_TARGET (66.0% >= 65.0%),0.11,6947.6,1326.0,50.82,1275.18,-8903.91,-4.6,False
11,2026-01-13,26500.0,2026-01-07 09:20:00,14.0,2026-01-09 11:44:00,4.85,6,390,PROFIT_TARGET (65.3% >= 65.0%),0.1,5687.5,3567.76,57.06,3510.7,-5393.22,-2.8,False
12,2026-01-13,26100.0,2026-01-09 11:45:00,13.0,2026-01-12 09:24:00,0.4,6,390,PROFIT_TARGET (96.9% >= 65.0%),0.1,7736.3,4913.95,55.36,4858.58,-534.63,-0.3,False
13,2026-01-13,25850.0,2026-01-12 09:25:00,13.2,2026-01-12 14:53:00,50.65,6,390,SHORT_DELTA_EXPANSION (0.37 >= 0.35),0.09,19820.5,-14605.5,67.66,-14673.16,-15207.8,-7.9,False
14,2026-01-13,25950.0,2026-01-13 09:20:00,18.5,2026-01-13 10:41:00,5.95,6,390,PROFIT_TARGET (67.8% >= 65.0%),0.13,24871.6,4894.5,60.12,4834.38,-10373.42,-5.4,False
15,2026-01-13,25900.0,2026-01-13 10:42:00,10.05,2026-01-13 12:17:00,3.45,6,390,PROFIT_TARGET (65.7% >= 65.0%),0.08,20506.9,2574.0,54.27,2519.73,-7853.69,-4.1,False
16,2026-01-13,25850.0,2026-01-13 12:18:00,6.65,2026-01-13 13:25:00,2.25,6,390,PROFIT_TARGET (66.2% >= 65.0%),0.08,15889.4,1716.0,51.87,1664.13,-6189.56,-3.2,False
17,2026-01-20,26200.0,2026-01-14 09:20:00,17.15,2026-01-16 09:32:00,6.0,6,390,PROFIT_TARGET (65.0% >= 65.0%),0.09,10369.2,4348.5,59.3,4289.2,-1900.36,-1.0,False
18,2026-01-20,25900.0,2026-01-16 09:33:00,45.35,2026-01-16 10:13:00,70.45,5,325,SHORT_DELTA_EXPANSION (0.36 >= 0.35),0.26,9250.2,-8157.5,84.87,-8242.37,-10142.73,-5.3,False
19,2026-01-20,25950.0,2026-01-16 10:14:00,52.35,2026-01-16 10:16:00,73.8,5,325,SHORT_DELTA_EXPANSION (0.36 >= 0.35),0.29,8967.1,-6971.25,89.17,-7060.42,-17203.15,-8.9,False
20,2026-01-20,26050.0,2026-01-16 10:17:00,46.5,2026-01-16 13:21:00,16.0,5,325,PROFIT_TARGET (65.6% >= 65.0%),0.25,10401.2,9912.5,74.48,9838.02,-7365.13,-3.8,False
21,2026-01-20,26100.0,2026-01-16 13:22:00,11.75,2026-01-19 09:15:00,0.35,6,390,PROFIT_TARGET (97.0% >= 65.0%),0.08,9377.2,4445.32,54.58,4390.74,-2974.39,-1.5,False
22,2026-01-20,25900.0,2026-01-19 09:20:00,11.1,2026-01-19 15:19:00,3.85,6,390,PROFIT_TARGET (65.3% >= 65.0%),0.08,18279.0,2827.5,55.02,2772.48,-201.91,-0.1,False
23,2026-01-20,25700.0,2026-01-20 09:20:00,12.0,2026-01-20 10:43:00,4.05,6,390,PROFIT_TARGET (66.2% >= 65.0%),0.08,21418.9,3100.5,55.63,3044.87,2842.97,1.5,False
24,2026-01-20,25600.0,2026-01-20 10:44:00,12.75,2026-01-20 12:10:00,4.2,6,390,PROFIT_TARGET (67.1% >= 65.0%),0.12,19126.7,3334.5,56.13,3278.37,6121.34,3.2,False
25,2026-01-20,25550.0,2026-01-20 12:11:00,7.5,2026-01-20 13:35:00,2.55,6,390,PROFIT_TARGET (66.0% >= 65.0%),0.09,15360.2,1930.5,52.47,1878.03,7999.36,4.1,False
26,2026-01-27,25700.0,2026-01-21 09:20:00,27.95,2026-01-23 10:16:00,9.65,6,390,PROFIT_TARGET (65.5% >= 65.0%),0.13,13781.3,7137.0,66.88,7070.12,15069.48,7.8,False
27,2026-01-27,25450.0,2026-01-23 10:17:00,49.05,2026-01-23 14:21:00,16.95,3,195,PROFIT_TARGET (65.4% >= 65.0%),0.27,9243.8,6259.5,64.47,6195.03,21264.51,11.0,False
28,2026-01-27,25450.0,2026-01-23 14:22:00,16.75,2026-01-27 09:21:00,5.45,6,390,PROFIT_TARGET (67.5% >= 65.0%),0.1,11886.0,4407.0,58.91,4348.09,25612.59,13.3,False
29,2026-01-27,25100.0,2026-01-27 09:22:00,57.1,2026-01-27 09:37:00,72.35,3,195,SHORT_DELTA_EXPANSION (0.37 >= 0.35),0.25,80644.7,-2973.75,73.68,-3047.43,22565.16,11.7,False
30,2026-01-27,25200.0,2026-01-27 09:38:00,49.6,2026-01-27 09:43:00,69.65,3,195,SHORT_DELTA_EXPANSION (0.37 >= 0.35),0.25,61637.3,-3909.75,71.03,-3980.78,18584.39,9.6,False
31,2026-01-27,25250.0,2026-01-27 09:44:00,50.2,2026-01-27 10:41:00,15.9,3,195,PROFIT_TARGET (68.3% >= 65.0%),0.27,56360.6,6688.5,64.7,6623.8,25208.19,13.1,False
32,2026-01-27,25150.0,2026-01-27 10:42:00,37.95,2026-01-27 11:41:00,55.05,3,195,SHORT_DELTA_EXPANSION (0.40 >= 0.35),0.25,44746.7,-3334.5,65.64,-3400.14,21808.04,11.3,False
33,2026-01-27,25250.0,2026-01-27 11:42:00,26.3,2026-01-27 12:49:00,8.3,4,260,PROFIT_TARGET (68.4% >= 65.0%),0.19,42043.0,4680.0,59.42,4620.58,26428.62,13.7,False
34,2026-01-27,25150.0,2026-01-27 12:50:00,28.7,2026-01-27 13:19:00,39.65,3,195,SHORT_DELTA_EXPANSION (0.36 >= 0.35),0.26,35151.4,-2135.25,60.91,-2196.16,24232.46,12.6,False
35,2026-02-03,25750.0,2026-01-28 09:20:00,100.3,2026-01-28 13:42:00,33.06,4,260,PROFIT_TARGET (67.0% >= 65.0%),0.26,29458.2,17482.48,94.03,17388.44,41620.91,21.6,False
36,2026-02-03,25700.0,2026-01-28 13:43:00,60.65,2026-02-01 12:18:00,2.83,4,260,PROFIT_TARGET (95.3% >= 65.0%),0.2,23223.2,15033.77,72.75,14961.02,56581.93,29.3,False
37,2026-02-03,25600.0,2026-02-01 12:19:00,38.9,2026-02-01 12:21:00,1.93,5,325,PROFIT_TARGET (95.1% >= 65.0%),0.14,50753.5,12016.75,67.71,11949.05,68530.98,35.5,False
38,2026-02-03,25550.0,2026-02-01 12:22:00,50.0,2026-02-01 12:27:00,2.01,4,260,PROFIT_TARGET (96.0% >= 65.0%),0.16,59136.8,12477.73,68.21,12409.52,80940.5,41.9,False
39,2026-02-03,25450.0,2026-02-01 12:28:00,48.65,2026-02-01 12:29:00,2.39,4,260,PROFIT_TARGET (95.1% >= 65.0%),0.16,56036.7,12026.94,67.71,11959.23,92899.73,48.1,False
40,2026-02-03,25300.0,2026-02-01 12:30:00,60.9,2026-02-01 12:31:00,0.9,3,195,PROFIT_TARGET (98.5% >= 65.0%),0.18,71750.2,11699.38,66.21,11633.17,104532.9,54.1,False
41,2026-02-03,25350.0,2026-02-01 12:32:00,61.95,2026-02-01 12:33:00,2.18,3,195,PROFIT_TARGET (96.5% >= 65.0%),0.18,72880.7,11655.0,66.69,11588.32,116121.22,60.1,False
42,2026-02-03,25350.0,2026-02-01 12:34:00,68.0,2026-02-01 15:15:00,1.73,3,195,PROFIT_TARGET (97.5% >= 65.0%),0.19,77051.2,12922.43,68.51,12853.92,128975.14,66.8,False
43,2026-02-03,25300.0,2026-02-01 15:16:00,25.85,2026-02-01 15:23:00,2.19,5,325,PROFIT_TARGET (91.5% >= 65.0%),0.11,39447.9,7691.08,61.01,7630.07,136605.2,70.8,False
44,2026-02-03,25250.0,2026-02-01 15:24:00,21.3,2026-02-02 11:09:00,0.27,5,325,PROFIT_TARGET (98.7% >= 65.0%),0.1,35463.3,6833.66,58.27,6775.39,143380.59,74.3,False
45,2026-02-03,25100.0,2026-02-02 11:10:00,19.8,2026-02-02 14:52:00,64.2,5,325,SHORT_DELTA_EXPANSION (0.36 >= 0.35),0.1,35623.5,-14430.0,70.4,-14500.4,128880.19,66.8,False
46,2026-02-03,26300.0,2026-02-03 09:20:00,44.45,2026-02-03 09:26:00,15.45,6,390,PROFIT_TARGET (65.2% >= 65.0%),0.1,228505.8,11310.0,78.53,11231.47,140111.66,72.6,False
47,2026-02-03,26150.0,2026-02-03 09:27:00,31.9,2026-02-03 09:58:00,10.45,6,390,PROFIT_TARGET (67.2% >= 65.0%),0.09,143843.1,8365.5,69.53,8295.97,148407.64,76.9,False
48,2026-02-03,25950.0,2026-02-03 09:59:00,28.6,2026-02-03 13:25:00,9.45,6,390,PROFIT_TARGET (67.0% >= 65.0%),0.11,83105.5,7468.5,67.24,7401.26,155808.9,80.7,False
49,2026-02-10,26250.0,2026-02-04 09:20:00,35.8,2026-02-06 09:15:00,9.17,6,390,PROFIT_TARGET (74.4% >= 65.0%),0.14,17156.4,10387.15,71.64,10315.51,166124.41,86.0,False
50,2026-02-10,26050.0,2026-02-06 09:20:00,16.25,2026-02-10 11:37:00,5.0,6,390,PROFIT_TARGET (69.2% >= 65.0%),0.09,13268.4,4387.5,58.5,4329.0,170453.42,88.3,False
51,2026-02-10,26000.0,2026-02-10 11:38:00,14.2,2026-02-10 12:48:00,22.25,6,390,SHORT_DELTA_EXPANSION (0.41 >= 0.35),0.23,8580.6,-3139.5,61.4,-3200.9,167252.51,86.6,False
52,2026-02-10,26050.0,2026-02-10 12:49:00,8.55,2026-02-10 13:22:00,2.7,6,390,PROFIT_TARGET (68.4% >= 65.0%),0.16,8645.0,2281.5,53.16,2228.34,169480.85,87.8,False
53,2026-02-17,26450.0,2026-02-11 09:20:00,15.4,2026-02-13 09:15:00,2.31,6,390,PROFIT_TARGET (85.0% >= 65.0%),0.09,9108.9,5105.22,57.32,5047.9,174528.76,90.4,False
54,2026-02-17,26050.0,2026-02-13 09:20:00,13.15,2026-02-16 09:15:00,0.11,6,390,PROFIT_TARGET (99.1% >= 65.0%),0.08,11616.9,5084.51,55.39,5029.12,179557.88,93.0,False
55,2026-02-17,25800.0,2026-02-16 09:20:00,14.15,2026-02-17 13:55:00,4.6,6,390,PROFIT_TARGET (67.5% >= 65.0%),0.09,23718.8,3724.5,57.1,3667.4,183225.28,94.9,False
56,2026-02-24,26250.0,2026-02-18 09:20:00,14.7,2026-02-19 15:17:00,4.95,6,390,PROFIT_TARGET (66.3% >= 65.0%),0.08,10459.6,3801.66,57.52,3744.14,186969.42,96.8,False
57,2026-02-24,25900.0,2026-02-19 15:18:00,26.1,2026-02-24 09:15:00,4.65,6,390,PROFIT_TARGET (82.2% >= 65.0%),0.12,15743.7,8365.5,64.52,8300.98,195270.4,101.1,True
58,2026-02-24,25700.0,2026-02-24 09:20:00,20.65,2026-02-24 10:17:00,6.8,5,325,PROFIT_TARGET (67.1% >= 65.0%),0.14,27243.5,4501.25,59.25,4442.0,199712.4,103.4,True
59,2026-02-24,25650.0,2026-02-24 10:18:00,11.85,2026-02-24 12:08:00,4.0,6,390,PROFIT_TARGET (66.2% >= 65.0%),0.08,25852.9,3061.5,55.52,3005.98,202718.38,105.0,True
60,2026-02-24,25550.0,2026-02-24 12:09:00,12.95,2026-02-24 13:24:00,3.95,4,260,PROFIT_TARGET (69.5% >= 65.0%),0.16,16610.4,2340.0,53.2,2286.8,205005.18,106.2,True
61,2026-03-02,26050.0,2026-02-25 09:20:00,23.95,2026-02-26 13:17:00,8.32,6,390,PROFIT_TARGET (65.3% >= 65.0%),0.11,14684.3,6096.28,64.08,6032.21,211037.39,109.3,True
62,2026-03-02,25900.0,2026-02-26 13:18:00,14.15,2026-02-27 11:34:00,4.78,6,390,PROFIT_TARGET (66.2% >= 65.0%),0.08,13735.7,3655.08,57.14,3597.95,214635.33,111.2,True
63,2026-03-02,25700.0,2026-02-27 11:35:00,13.5,2026-03-02 09:15:00,0.05,6,390,PROFIT_TARGET (99.6% >= 65.0%),0.08,13759.4,5245.5,55.59,5189.91,219825.24,113.9,True
64,2026-03-02,25050.0,2026-03-02 09:20:00,58.5,2026-03-02 10:06:00,20.0,1,65,PROFIT_TARGET (65.8% >= 65.0%),0.27,74386.6,2502.5,54.06,2448.44,222273.68,115.1,True
65,2026-03-02,25000.0,2026-03-02 10:07:00,30.5,2026-03-02 10:44:00,9.85,2,130,PROFIT_TARGET (67.7% >= 65.0%),0.21,36185.3,2684.5,54.3,2630.2,224903.88,116.5,True
66,2026-03-02,24900.0,2026-03-02 10:45:00,30.9,2026-03-02 10:58:00,41.25,1,65,SHORT_DELTA_EXPANSION (0.36 >= 0.35),0.26,27288.8,-672.75,52.06,-724.81,224179.07,116.1,True
67,2026-03-02,25000.0,2026-03-02 10:59:00,14.6,2026-03-02 11:37:00,5.1,4,260,PROFIT_TARGET (65.1% >= 65.0%),0.11,28275.5,2470.0,54.06,2415.94,226595.0,117.4,True
68,2026-03-02,24950.0,2026-03-02 11:38:00,9.85,2026-03-02 12:28:00,3.35,4,260,PROFIT_TARGET (66.0% >= 65.0%),0.1,20456.1,1690.0,51.82,1638.18,228233.19,118.2,True
69,2026-03-02,24850.0,2026-03-02 12:29:00,10.6,2026-03-02 13:32:00,3.65,3,195,PROFIT_TARGET (65.6% >= 65.0%),0.13,19550.1,1355.25,50.93,1304.32,229537.51,118.9,True
70,2026-03-10,24800.0,2026-03-04 09:20:00,137.15,2026-03-04 14:11:00,172.2,1,65,SHORT_DELTA_EXPANSION (0.35 >= 0.35),0.3,41362.3,-2278.25,68.34,-2346.59,227190.92,117.7,True
71,2026-03-10,24950.0,2026-03-04 14:12:00,121.95,2026-03-05 14:41:00,120.9,1,65,SHORT_DELTA_EXPANSION (0.35 >= 0.35),0.28,39308.1,68.25,64.69,3.56,227194.48,117.7,True
72,2026-03-10,25050.0,2026-03-05 14:42:00,86.75,2026-03-05 14:54:00,116.65,1,65,SHORT_DELTA_EXPANSION (0.35 >= 0.35),0.28,23802.4,-1943.5,60.88,-2004.38,225190.09,116.6,True
73,2026-03-10,25100.0,2026-03-05 14:55:00,94.15,2026-03-06 13:52:00,14.03,1,65,PROFIT_TARGET (85.1% >= 65.0%),0.3,23164.7,5207.94,57.5,5150.44,230340.53,119.3,True
74,2026-03-10,24850.0,2026-03-06 13:53:00,95.85,2026-03-09 09:15:00,0.05,1,65,PROFIT_TARGET (99.9% >= 65.0%),0.3,29561.8,6227.0,57.12,6169.88,236510.41,122.5,True
75,2026-03-10,24100.0,2026-03-09 09:20:00,105.5,2026-03-09 11:40:00,126.1,1,65,SHORT_DELTA_EXPANSION (0.36 >= 0.35),0.28,112557.8,-1339.0,63.2,-1402.2,235108.21,121.8,True
76,2026-03-10,24200.0,2026-03-09 11:41:00,88.9,2026-03-09 15:03:00,128.55,1,65,SHORT_DELTA_EXPANSION (0.37 >= 0.35),0.28,84716.9,-2577.25,61.59,-2638.84,232469.38,120.4,True
77,2026-03-10,24350.0,2026-03-10 09:20:00,27.1,2026-03-10 12:18:00,9.35,1,65,PROFIT_TARGET (65.5% >= 65.0%),0.13,54905.6,1153.75,50.38,1103.37,233572.75,121.0,True
78,2026-03-10,24350.0,2026-03-10 12:19:00,8.9,2026-03-10 14:34:00,3.0,2,130,PROFIT_TARGET (66.3% >= 65.0%),0.08,28157.0,767.0,49.28,717.72,234290.46,121.4,True
79,2026-03-17,24650.0,2026-03-11 09:20:00,97.5,2026-03-11 10:08:00,29.58,1,65,PROFIT_TARGET (69.7% >= 65.0%),0.28,24872.4,4414.48,58.48,4356.0,238646.46,123.6,True
80,2026-03-17,24500.0,2026-03-11 10:09:00,118.55,2026-03-11 12:39:00,28.18,1,65,PROFIT_TARGET (76.2% >= 65.0%),0.29,33008.4,5873.82,60.6,5813.22,244459.68,126.6,True
81,2026-03-17,24400.0,2026-03-11 12:40:00,125.5,2026-03-11 14:59:00,26.86,1,65,PROFIT_TARGET (78.6% >= 65.0%),0.28,39372.2,6411.79,61.26,6350.53,250810.21,129.9,True
82,2026-03-17,24300.0,2026-03-11 15:00:00,134.7,2026-03-12 09:15:00,7.1,1,65,PROFIT_TARGET (94.7% >= 65.0%),0.3,41019.3,8294.28,61.42,8232.86,259043.07,134.2,True
83,2026-03-17,24000.0,2026-03-12 09:20:00,121.35,2026-03-12 10:58:00,157.0,1,65,SHORT_DELTA_EXPANSION (0.36 >= 0.35),0.28,42424.6,-2317.25,66.09,-2383.34,256659.73,132.9,True
84,2026-03-17,24100.0,2026-03-12 10:59:00,121.9,2026-03-13 09:15:00,6.43,1,65,PROFIT_TARGET (94.7% >= 65.0%),0.3,38452.4,7505.35,60.07,7445.28,264105.01,136.8,True
85,2026-03-17,23750.0,2026-03-13 09:20:00,104.35,2026-03-13 12:38:00,10.49,1,65,PROFIT_TARGET (89.9% >= 65.0%),0.29,36201.7,6100.59,58.42,6042.17,270147.18,139.9,True
86,2026-03-17,23600.0,2026-03-13 12:39:00,105.0,2026-03-16 09:16:00,35.25,1,65,PROFIT_TARGET (66.4% >= 65.0%),0.27,43950.3,4533.75,59.48,4474.27,274621.45,142.2,True
87,2026-03-17,23400.0,2026-03-16 09:20:00,79.95,2026-03-16 09:36:00,107.8,1,65,SHORT_DELTA_EXPANSION (0.35 >= 0.35),0.28,61384.4,-1810.25,59.82,-1870.07,272751.38,141.3,True
88,2026-03-17,23500.0,2026-03-16 09:37:00,80.1,2026-03-16 10:55:00,0.12,1,65,PROFIT_TARGET (99.8% >= 65.0%),0.28,62654.5,5198.39,55.49,5142.9,277894.27,143.9,True
89,2026-03-17,23450.0,2026-03-16 10:56:00,34.75,2026-03-16 14:23:00,98.55,1,65,SHORT_DELTA_EXPANSION (0.35 >= 0.35),0.13,74142.8,-4147.0,54.77,-4201.77,273692.5,141.8,True
90,2026-03-17,23550.0,2026-03-17 09:20:00,20.7,2026-03-17 10:00:00,50.2,1,65,SHORT_DELTA_EXPANSION (0.35 >= 0.35),0.12,38367.2,-1917.5,51.37,-1968.87,271723.63,140.7,True
91,2026-03-17,23600.0,2026-03-17 10:01:00,39.35,2026-03-17 10:19:00,49.15,1,65,SHORT_DELTA_EXPANSION (0.37 >= 0.35),0.27,36745.0,-637.0,53.25,-690.25,271033.38,140.4,True
92,2026-03-17,23650.0,2026-03-17 10:20:00,33.2,2026-03-17 10:36:00,10.8,1,65,PROFIT_TARGET (67.5% >= 65.0%),0.24,34412.0,1456.0,51.07,1404.93,272438.31,141.1,True
93,2026-03-17,23650.0,2026-03-17 10:37:00,13.0,2026-03-17 11:56:00,4.4,1,65,PROFIT_TARGET (66.2% >= 65.0%),0.08,34511.0,559.0,48.72,510.28,272948.59,141.4,True
94,2026-03-17,23550.0,2026-03-17 11:57:00,13.85,2026-03-17 13:02:00,35.1,1,65,SHORT_DELTA_EXPANSION (0.35 >= 0.35),0.12,32860.4,-1381.25,50.05,-1431.3,271517.29,140.6,True
95,2026-03-17,23650.0,2026-03-17 13:03:00,10.0,2026-03-17 14:23:00,3.5,1,65,PROFIT_TARGET (65.0% >= 65.0%),0.11,26676.6,422.5,48.38,374.12,271891.41,140.8,True
96,2026-03-24,24050.0,2026-03-18 09:20:00,87.4,2026-03-18 11:43:00,128.55,1,65,SHORT_DELTA_EXPANSION (0.36 >= 0.35),0.28,19830.1,-2674.75,61.43,-2736.18,269155.23,139.4,True
97,2026-03-24,24150.0,2026-03-18 11:44:00,88.35,2026-03-19 09:15:00,3.54,1,65,PROFIT_TARGET (96.0% >= 65.0%),0.27,21505.1,5512.65,56.48,5456.17,274611.4,142.2,True
98,2026-03-24,23800.0,2026-03-19 09:20:00,46.05,2026-03-19 09:47:00,15.95,1,65,PROFIT_TARGET (65.4% >= 65.0%),0.16,24387.6,1956.35,52.61,1903.74,276515.14,143.2,True
99,2026-03-24,23550.0,2026-03-19 09:48:00,102.05,2026-03-19 14:55:00,13.93,1,65,PROFIT_TARGET (86.3% >= 65.0%),0.29,27750.0,5727.59,58.32,5669.27,282184.41,146.2,True
100,2026-03-24,23500.0,2026-03-19 14:56:00,63.55,2026-03-19 14:57:00,16.6,1,65,PROFIT_TARGET (73.9% >= 65.0%),0.19,32022.5,3051.6,54.44,2997.16,285181.57,147.7,True
101,2026-03-24,23300.0,2026-03-19 14:58:00,108.9,2026-03-19 15:18:00,151.0,1,65,SHORT_DELTA_EXPANSION (0.35 >= 0.35),0.29,32747.9,-2736.5,64.56,-2801.06,282380.51,146.3,True
102,2026-03-24,23400.0,2026-03-19 15:19:00,118.9,2026-03-20 09:15:00,146.9,1,65,SHORT_DELTA_EXPANSION (0.38 >= 0.35),0.29,39150.3,-1820.0,65.43,-1885.43,280495.08,145.3,True
103,2026-03-24,23700.0,2026-03-20 09:20:00,86.7,2026-03-20 12:22:00,10.67,1,65,PROFIT_TARGET (87.7% >= 65.0%),0.25,37206.1,4941.82,56.6,4885.22,285380.3,147.8,True
104,2026-03-24,23500.0,2026-03-20 12:23:00,104.05,2026-03-20 13:26:00,134.0,1,65,SHORT_DELTA_EXPANSION (0.35 >= 0.35),0.28,38818.3,-1946.75,63.37,-2010.12,283370.18,146.8,True
105,2026-03-24,23600.0,2026-03-20 13:27:00,96.3,2026-03-20 14:50:00,10.11,1,65,PROFIT_TARGET (89.5% >= 65.0%),0.27,36417.8,5602.17,57.57,5544.61,288914.78,149.6,True
106,2026-03-24,23400.0,2026-03-20 14:51:00,107.9,2026-03-20 15:03:00,135.15,1,65,SHORT_DELTA_EXPANSION (0.35 >= 0.35),0.3,38634.3,-1771.25,63.82,-1835.07,287079.72,148.7,True
107,2026-03-24,23650.0,2026-03-20 15:04:00,61.05,2026-03-20 15:09:00,10.57,1,65,PROFIT_TARGET (82.7% >= 65.0%),0.19,38227.2,3281.13,53.94,3227.19,290306.9,150.4,True
108,2026-03-24,23550.0,2026-03-20 15:10:00,73.65,2026-03-23 09:15:00,0.05,1,65,PROFIT_TARGET (99.9% >= 65.0%),0.22,38519.3,4784.0,54.82,4729.18,295036.08,152.8,True
109,2026-03-24,23050.0,2026-03-23 09:20:00,72.9,2026-03-23 10:51:00,0.1,1,65,PROFIT_TARGET (99.9% >= 65.0%),0.23,82731.6,4732.11,54.74,4677.37,299713.45,155.2,True
110,2026-03-24,22800.0,2026-03-23 10:52:00,110.35,2026-03-23 13:50:00,131.35,1,65,SHORT_DELTA_EXPANSION (0.36 >= 0.35),0.3,108382.9,-1365.0,63.92,-1428.92,298284.54,154.5,True
111,2026-03-24,22900.0,2026-03-23 13:51:00,90.75,2026-03-24 09:15:00,94.3,1,65,SHORT_DELTA_EXPANSION (0.41 >= 0.35),0.26,103169.5,-230.75,60.39,-291.14,297993.39,154.3,True
112,2026-03-24,22900.0,2026-03-24 09:20:00,58.7,2026-03-24 09:25:00,75.5,1,65,SHORT_DELTA_EXPANSION (0.35 >= 0.35),0.27,76648.4,-1092.0,56.32,-1148.32,296845.07,153.8,True
113,2026-03-24,22950.0,2026-03-24 09:26:00,61.8,2026-03-24 10:04:00,20.2,1,65,PROFIT_TARGET (67.3% >= 65.0%),0.29,75763.4,2704.0,54.41,2649.59,299494.67,155.1,True
114,2026-03-24,22900.0,2026-03-24 10:05:00,33.25,2026-03-24 12:23:00,54.3,1,65,SHORT_DELTA_EXPANSION (0.37 >= 0.35),0.16,67407.9,-1368.25,52.83,-1421.08,298073.58,154.4,True
115,2026-03-24,23000.0,2026-03-24 12:24:00,36.05,2026-03-24 12:35:00,60.35,1,65,SHORT_DELTA_EXPANSION (0.38 >= 0.35),0.25,58338.0,-1579.5,53.37,-1632.87,296440.72,153.5,True
116,2026-03-24,23200.0,2026-03-24 12:36:00,12.85,2026-03-24 14:03:00,4.4,1,65,PROFIT_TARGET (65.8% >= 65.0%),0.08,69116.1,549.25,48.71,500.54,296941.26,153.8,True
117,2026-03-30,23600.0,2026-03-25 09:20:00,116.7,2026-03-25 10:40:00,160.1,1,65,SHORT_DELTA_EXPANSION (0.35 >= 0.35),0.28,41845.8,-2821.0,65.73,-2886.73,294054.53,152.3,True
118,2026-03-30,23750.0,2026-03-25 10:41:00,114.2,2026-03-27 09:19:00,1.34,1,65,PROFIT_TARGET (98.8% >= 65.0%),0.27,41435.9,7335.78,59.07,7276.72,301331.24,156.1,True
119,2026-03-30,23400.0,2026-03-27 09:20:00,103.35,2026-03-27 14:31:00,4.99,1,65,PROFIT_TARGET (95.2% >= 65.0%),0.28,51110.3,6393.7,58.09,6335.61,307666.85,159.4,True
120,2026-03-30,23350.0,2026-03-27 14:32:00,56.6,2026-03-27 15:03:00,4.8,1,65,PROFIT_TARGET (91.5% >= 65.0%),0.18,43118.4,3367.0,53.25,3313.75,310980.6,161.1,True
121,2026-03-30,23350.0,2026-03-27 15:04:00,53.4,2026-03-27 15:05:00,4.74,1,65,PROFIT_TARGET (91.1% >= 65.0%),0.17,46296.7,3162.7,52.91,3109.79,314090.39,162.7,True
122,2026-03-30,23350.0,2026-03-27 15:06:00,51.55,2026-03-27 15:07:00,4.48,1,65,PROFIT_TARGET (91.3% >= 65.0%),0.17,45423.2,3059.56,52.71,3006.85,317097.24,164.2,True
123,2026-03-30,23300.0,2026-03-27 15:08:00,57.75,2026-03-30 09:15:00,0.05,1,65,PROFIT_TARGET (99.9% >= 65.0%),0.19,44656.8,3750.5,53.17,3697.33,320794.56,166.2,True
124,2026-03-30,22750.0,2026-03-30 09:20:00,25.8,2026-03-30 09:34:00,82.15,1,65,SHORT_DELTA_EXPANSION (0.37 >= 0.35),0.1,70495.3,-3662.75,53.19,-3715.94,317078.62,164.2,True
125,2026-03-30,22800.0,2026-03-30 09:35:00,61.15,2026-03-30 10:18:00,19.85,1,65,PROFIT_TARGET (67.5% >= 65.0%),0.27,86589.8,2684.5,54.33,2630.17,319708.8,165.6,True
126,2026-03-30,22800.0,2026-03-30 10:19:00,20.5,2026-03-30 11:46:00,6.85,1,65,PROFIT_TARGET (66.6% >= 65.0%),0.09,65991.9,887.25,49.6,837.65,320546.45,166.0,True
127,2026-03-30,22700.0,2026-03-30 11:47:00,13.35,2026-03-30 13:48:00,4.35,1,65,PROFIT_TARGET (67.4% >= 65.0%),0.08,54855.8,585.0,48.76,536.24,321082.7,166.3,True
128,2026-04-07,23350.0,2026-04-01 09:20:00,140.45,2026-04-01 10:25:00,21.77,1,65,PROFIT_TARGET (84.5% >= 65.0%),0.29,46541.9,7713.92,62.61,7651.31,328734.01,170.3,True
129,2026-04-07,23250.0,2026-04-01 10:26:00,133.25,2026-04-01 13:40:00,22.01,1,65,PROFIT_TARGET (83.5% >= 65.0%),0.28,44773.5,7230.81,61.87,7168.94,335902.95,174.0,True
130,2026-04-07,23100.0,2026-04-01 13:41:00,135.95,2026-04-02 09:15:00,1.66,1,65,PROFIT_TARGET (98.8% >= 65.0%),0.29,44524.4,8728.82,61.33,8667.49,344570.44,178.5,True
131,2026-04-07,22650.0,2026-04-02 09:20:00,138.1,2026-04-02 12:38:00,166.6,1,65,SHORT_DELTA_EXPANSION (0.35 >= 0.35),0.29,50398.6,-1852.5,68.21,-1920.71,342649.73,177.5,True
132,2026-04-07,22750.0,2026-04-02 12:39:00,127.25,2026-04-02 13:28:00,168.35,1,65,SHORT_DELTA_EXPANSION (0.35 >= 0.35),0.29,45272.5,-2671.5,67.16,-2738.66,339911.07,176.1,True
133,2026-04-07,22900.0,2026-04-02 13:29:00,128.6,2026-04-02 14:13:00,174.85,1,65,SHORT_DELTA_EXPANSION (0.36 >= 0.35),0.29,47292.8,-3006.25,67.56,-3073.81,336837.26,174.5,True
134,2026-04-07,23050.0,2026-04-02 14:14:00,121.15,2026-04-06 13:16:00,125.2,1,65,SHORT_DELTA_EXPANSION (0.36 >= 0.35),0.28,45865.0,-263.25,64.79,-328.04,336509.23,174.3,True
135,2026-04-07,23150.0,2026-04-06 13:17:00,89.2,2026-04-06 15:12:00,111.45,1,65,SHORT_DELTA_EXPANSION (0.36 >= 0.35),0.27,93750.2,-1446.25,60.93,-1507.18,335002.05,173.5,True
136,2026-04-07,23000.0,2026-04-07 09:20:00,22.3,2026-04-07 10:16:00,66.4,1,65,SHORT_DELTA_EXPANSION (0.36 >= 0.35),0.1,59335.3,-2866.5,52.19,-2918.69,332083.36,172.0,True
137,2026-04-07,23050.0,2026-04-07 10:17:00,53.4,2026-04-07 11:00:00,17.15,1,65,PROFIT_TARGET (67.9% >= 65.0%),0.29,63127.0,2356.25,53.42,2302.83,334386.2,173.2,True
138,2026-04-07,23050.0,2026-04-07 11:01:00,18.85,2026-04-07 11:57:00,54.35,1,65,SHORT_DELTA_EXPANSION (0.36 >= 0.35),0.11,52412.5,-2307.5,51.34,-2358.84,332027.35,172.0,True
139,2026-04-07,23200.0,2026-04-07 11:58:00,14.25,2026-04-07 12:56:00,4.5,1,65,PROFIT_TARGET (68.4% >= 65.0%),0.09,52356.2,633.75,48.86,584.89,332612.25,172.3,True
140,2026-04-07,23100.0,2026-04-07 12:57:00,12.45,2026-04-07 13:42:00,40.5,1,65,SHORT_DELTA_EXPANSION (0.37 >= 0.35),0.11,38867.5,-1823.25,50.12,-1873.37,330738.88,171.3,True
141,2026-04-13,24400.0,2026-04-08 09:20:00,67.45,2026-04-08 09:23:00,21.13,1,65,PROFIT_TARGET (68.7% >= 65.0%),0.2,29894.6,3010.55,55.03,2955.53,333694.4,172.8,True
142,2026-04-13,24350.0,2026-04-08 09:24:00,69.4,2026-04-09 09:49:00,12.95,1,65,PROFIT_TARGET (81.3% >= 65.0%),0.21,30753.9,3669.37,54.9,3614.47,337308.87,174.7,True
143,2026-04-13,24100.0,2026-04-09 09:50:00,96.3,2026-04-10 09:19:00,95.2,1,65,SHORT_DELTA_EXPANSION (0.37 >= 0.35),0.29,29712.0,71.5,61.0,10.5,337319.37,174.7,True
144,2026-04-13,24450.0,2026-04-10 09:20:00,20.95,2026-04-10 09:24:00,7.18,1,65,PROFIT_TARGET (65.7% >= 65.0%),0.1,21643.6,894.98,49.66,845.33,338164.69,175.2,True
145,2026-04-13,24450.0,2026-04-10 09:25:00,19.7,2026-04-10 09:27:00,6.7,1,65,PROFIT_TARGET (66.0% >= 65.0%),0.1,22287.0,844.95,49.51,795.44,338960.14,175.6,True
146,2026-04-13,24450.0,2026-04-10 09:28:00,19.3,2026-04-13 09:15:00,0.05,1,65,PROFIT_TARGET (99.7% >= 65.0%),0.09,22809.1,1251.25,49.2,1202.05,340162.19,176.2,True
147,2026-04-13,23700.0,2026-04-13 09:20:00,37.2,2026-04-13 09:55:00,55.55,1,65,SHORT_DELTA_EXPANSION (0.39 >= 0.35),0.22,44325.9,-1192.75,53.29,-1246.04,338916.15,175.5,True
148,2026-04-13,23850.0,2026-04-13 09:56:00,15.65,2026-04-13 11:55:00,43.2,1,65,SHORT_DELTA_EXPANSION (0.37 >= 0.35),0.09,36781.8,-1790.75,50.56,-1841.31,337074.83,174.6,True
149,2026-04-13,23950.0,2026-04-13 11:56:00,13.35,2026-04-13 14:39:00,4.05,1,65,PROFIT_TARGET (69.7% >= 65.0%),0.11,32271.7,604.5,48.74,555.76,337630.59,174.9,True
150,2026-04-21,24550.0,2026-04-15 09:20:00,91.9,2026-04-16 09:17:00,105.1,1,65,SHORT_DELTA_EXPANSION (0.36 >= 0.35),0.28,21056.6,-858.0,60.95,-918.95,336711.64,174.4,True
151,2026-04-21,24650.0,2026-04-16 09:20:00,76.0,2026-04-16 12:54:00,20.72,1,65,PROFIT_TARGET (72.7% >= 65.0%),0.28,16906.7,3593.3,55.9,3537.4,340249.05,176.2,True
152,2026-04-21,24400.0,2026-04-16 12:55:00,83.45,2026-04-16 14:34:00,108.0,1,65,SHORT_DELTA_EXPANSION (0.36 >= 0.35),0.29,20115.6,-1595.75,60.19,-1655.94,338593.1,175.4,True
153,2026-04-21,24500.0,2026-04-16 14:35:00,71.55,2026-04-17 14:44:00,91.65,1,65,SHORT_DELTA_EXPANSION (0.35 >= 0.35),0.27,18037.2,-1306.5,58.3,-1364.8,337228.3,174.7,True
154,2026-04-21,24600.0,2026-04-17 14:45:00,60.45,2026-04-21 09:15:00,17.1,1,65,PROFIT_TARGET (71.7% >= 65.0%),0.26,17073.2,2817.75,54.14,2763.61,339991.91,176.1,True
155,2026-04-21,24600.0,2026-04-21 09:20:00,21.65,2026-04-21 13:42:00,7.5,2,130,PROFIT_TARGET (65.4% >= 65.0%),0.15,28175.0,1839.5,52.28,1787.22,341779.13,177.0,True
156,2026-04-28,24800.0,2026-04-22 09:20:00,93.2,2026-04-23 09:15:00,11.95,1,65,PROFIT_TARGET (87.2% >= 65.0%),0.28,21268.3,5281.38,57.32,5224.06,347003.19,179.7,True
157,2026-04-28,24700.0,2026-04-23 09:20:00,45.05,2026-04-24 09:15:00,12.68,1,65,PROFIT_TARGET (71.9% >= 65.0%),0.17,21605.2,2104.17,52.37,2051.8,349054.99,180.8,True
158,2026-04-28,24350.0,2026-04-24 09:20:00,78.2,2026-04-24 14:06:00,11.87,1,65,PROFIT_TARGET (84.8% >= 65.0%),0.28,21705.4,4311.77,55.77,4256.01,353310.99,183.0,True
159,2026-04-28,24350.0,2026-04-24 14:07:00,33.55,2026-04-28 09:15:00,2.6,1,65,PROFIT_TARGET (92.3% >= 65.0%),0.13,25667.9,2011.75,50.77,1960.98,355271.97,184.0,True
160,2026-04-28,24250.0,2026-04-28 09:20:00,12.9,2026-04-28 11:25:00,4.3,2,130,PROFIT_TARGET (66.7% >= 65.0%),0.09,23519.3,1118.0,50.22,1067.78,356339.75,184.6,True
161,2026-04-28,24200.0,2026-04-28 11:26:00,7.95,2026-04-28 12:22:00,2.7,2,130,PROFIT_TARGET (66.0% >= 65.0%),0.08,15683.1,682.5,49.06,633.44,356973.19,184.9,True
162,2026-04-28,24100.0,2026-04-28 12:23:00,8.6,2026-04-28 14:03:00,2.85,1,65,PROFIT_TARGET (66.9% >= 65.0%),0.12,12493.0,373.75,48.2,325.55,357298.74,185.1,True
163,2026-05-05,24600.0,2026-04-29 09:20:00,35.7,2026-04-30 09:16:00,11.15,1,65,PROFIT_TARGET (68.8% >= 65.0%),0.15,15554.3,1596.02,51.34,1544.68,358843.42,185.9,True
164,2026-05-05,24400.0,2026-04-30 09:20:00,38.55,2026-05-04 09:41:00,77.25,1,65,SHORT_DELTA_EXPANSION (0.35 >= 0.35),0.15,19325.7,-2515.5,54.31,-2569.81,356273.61,184.5,True
165,2026-05-05,24650.0,2026-05-04 09:42:00,19.55,2026-05-04 12:14:00,0.16,2,130,PROFIT_TARGET (99.2% >= 65.0%),0.1,34089.7,2520.73,51.26,2469.47,358743.08,185.8,True
166,2026-05-05,24550.0,2026-05-04 12:15:00,16.65,2026-05-04 13:30:00,0.12,2,130,PROFIT_TARGET (99.3% >= 65.0%),0.08,41301.9,2148.8,50.65,2098.14,360841.23,186.9,True
167,2026-05-05,24450.0,2026-05-04 13:31:00,19.1,2026-05-04 14:18:00,3.52,1,65,PROFIT_TARGET (81.6% >= 65.0%),0.09,44899.7,1012.94,49.32,963.62,361804.85,187.4,True
168,2026-05-05,24200.0,2026-05-05 09:20:00,21.0,2026-05-05 10:10:00,7.05,1,65,PROFIT_TARGET (66.4% >= 65.0%),0.12,36893.5,906.75,49.66,857.09,362661.95,187.8,True
169,2026-05-05,24100.0,2026-05-05 10:11:00,18.4,2026-05-05 11:41:00,5.85,1,65,PROFIT_TARGET (68.2% >= 65.0%),0.15,23955.7,815.75,49.34,766.41,363428.36,188.2,True
170,2026-05-05,24050.0,2026-05-05 11:42:00,9.9,2026-05-05 13:00:00,26.8,1,65,SHORT_DELTA_EXPANSION (0.36 >= 0.35),0.1,18993.2,-1098.5,49.31,-1147.81,362280.55,187.6,True
171,2026-05-05,24100.0,2026-05-05 13:01:00,11.4,2026-05-05 13:07:00,29.7,1,65,SHORT_DELTA_EXPANSION (0.35 >= 0.35),0.16,16033.7,-1189.5,49.58,-1239.08,361041.47,187.0,True
172,2026-05-12,24500.0,2026-05-06 09:20:00,83.1,2026-05-06 14:25:00,131.35,1,65,SHORT_DELTA_EXPANSION (0.35 >= 0.35),0.27,19183.4,-3136.25,61.1,-3197.35,357844.12,185.3,True
173,2026-05-12,24600.0,2026-05-06 14:26:00,104.45,2026-05-07 12:38:00,107.5,1,65,SHORT_DELTA_EXPANSION (0.35 >= 0.35),0.3,24149.3,-198.25,62.34,-260.59,357583.53,185.2,True
174,2026-05-12,24750.0,2026-05-07 12:39:00,74.5,2026-05-08 09:15:00,12.51,1,65,PROFIT_TARGET (83.2% >= 65.0%),0.26,20477.7,4029.22,55.41,3973.81,361557.34,187.3,True
175,2026-05-12,24700.0,2026-05-08 09:20:00,29.9,2026-05-08 13:59:00,10.38,1,65,PROFIT_TARGET (65.3% >= 65.0%),0.13,20141.8,1268.62,50.71,1217.91,362775.24,187.9,True
176,2026-05-12,24650.0,2026-05-08 14:00:00,24.4,2026-05-11 09:15:00,0.05,2,130,PROFIT_TARGET (99.8% >= 65.0%),0.11,20278.7,3165.5,52.25,3113.25,365888.49,189.5,True
177,2026-05-12,24350.0,2026-05-11 09:20:00,17.75,2026-05-11 15:05:00,0.08,1,65,PROFIT_TARGET (99.5% >= 65.0%),0.09,41525.9,1148.4,49.04,1099.36,366987.86,190.1,True
178,2026-05-12,23850.0,2026-05-12 09:20:00,21.95,2026-05-12 10:23:00,6.9,1,65,PROFIT_TARGET (68.6% >= 65.0%),0.15,28563.3,978.25,49.75,928.5,367916.36,190.6,True
179,2026-05-12,23750.0,2026-05-12 10:24:00,17.25,2026-05-12 12:44:00,5.35,1,65,PROFIT_TARGET (69.0% >= 65.0%),0.14,23669.3,773.5,49.2,724.3,368640.66,190.9,True
180,2026-05-12,23700.0,2026-05-12 12:45:00,9.65,2026-05-12 13:36:00,2.85,1,65,PROFIT_TARGET (70.5% >= 65.0%),0.1,29994.9,442.0,48.31,393.69,369034.34,191.1,True
181,2026-05-19,23750.0,2026-05-13 09:20:00,108.9,2026-05-13 12:14:00,136.5,1,65,SHORT_DELTA_EXPANSION (0.35 >= 0.35),0.29,26459.6,-1794.0,63.97,-1857.97,367176.37,190.2,True
182,2026-05-19,23850.0,2026-05-13 12:15:00,100.05,2026-05-14 11:42:00,110.35,1,65,SHORT_DELTA_EXPANSION (0.35 >= 0.35),0.28,25000.2,-669.5,62.0,-731.5,366444.87,189.8,True
183,2026-05-19,24150.0,2026-05-14 11:43:00,37.65,2026-05-15 14:53:00,11.38,1,65,PROFIT_TARGET (69.8% >= 65.0%),0.15,20474.2,1707.7,51.55,1656.14,368101.01,190.7,True
184,2026-05-19,24100.0,2026-05-15 14:54:00,21.25,2026-05-18 09:15:00,0.05,1,65,PROFIT_TARGET (99.8% >= 65.0%),0.11,17427.3,1378.0,49.4,1328.6,369429.61,191.3,True
185,2026-05-19,23800.0,2026-05-18 09:20:00,19.0,2026-05-19 09:27:00,43.75,1,65,SHORT_DELTA_EXPANSION (0.36 >= 0.35),0.1,37025.8,-1608.75,50.93,-1659.68,367769.93,190.5,True
186,2026-05-19,23900.0,2026-05-19 09:28:00,14.15,2026-05-19 11:26:00,4.7,1,65,PROFIT_TARGET (66.8% >= 65.0%),0.09,24500.1,614.25,48.85,565.4,368335.32,190.8,True
187,2026-05-19,23850.0,2026-05-19 11:27:00,9.85,2026-05-19 13:04:00,3.1,1,65,PROFIT_TARGET (68.5% >= 65.0%),0.09,20735.1,438.75,48.34,390.41,368725.73,191.0,True
188,2026-05-19,23800.0,2026-05-19 13:05:00,7.6,2026-05-19 13:54:00,2.6,1,65,PROFIT_TARGET (65.8% >= 65.0%),0.13,11558.0,325.0,48.09,276.91,369002.64,191.1,True
189,2026-05-26,23800.0,2026-05-20 09:20:00,83.0,2026-05-20 11:22:00,125.2,1,65,SHORT_DELTA_EXPANSION (0.36 >= 0.35),0.26,21308.6,-2743.0,60.84,-2803.84,366198.8,189.7,True
190,2026-05-26,23900.0,2026-05-20 11:23:00,90.25,2026-05-21 09:15:00,139.7,1,65,SHORT_DELTA_EXPANSION (0.46 >= 0.35),0.28,20333.2,-3214.25,62.17,-3276.42,362922.38,188.0,True
191,2026-05-26,24050.0,2026-05-21 09:20:00,69.0,2026-05-25 09:15:00,75.3,1,65,SHORT_DELTA_EXPANSION (0.38 >= 0.35),0.26,17199.7,-409.5,57.38,-466.88,362455.5,187.7,True
192,2026-05-26,24300.0,2026-05-25 09:20:00,16.45,2026-05-26 09:15:00,2.25,1,65,PROFIT_TARGET (86.3% >= 65.0%),0.1,25934.8,923.0,48.99,874.01,363329.51,188.2,True
193,2026-05-26,24150.0,2026-05-26 09:20:00,14.8,2026-05-26 12:02:00,4.7,1,65,PROFIT_TARGET (68.2% >= 65.0%),0.1,22552.8,656.5,48.92,607.58,363937.09,188.5,True
194,2026-05-26,24100.0,2026-05-26 12:03:00,11.6,2026-05-26 13:03:00,3.9,1,65,PROFIT_TARGET (66.4% >= 65.0%),0.17,11687.6,500.5,48.56,451.94,364389.03,188.7,True
195,2026-05-26,24050.0,2026-05-26 13:04:00,8.75,2026-05-26 13:51:00,2.85,1,65,PROFIT_TARGET (67.4% >= 65.0%),0.15,11357.0,383.5,48.22,335.28,364724.31,188.9,True
196,2026-06-02,24400.0,2026-05-27 09:20:00,36.1,2026-05-29 12:05:00,12.55,1,65,PROFIT_TARGET (65.2% >= 65.0%),0.15,14851.5,1530.45,51.44,1479.01,366203.32,189.7,True
197,2026-06-02,24100.0,2026-05-29 12:06:00,66.0,2026-05-29 15:04:00,11.15,1,65,PROFIT_TARGET (83.1% >= 65.0%),0.28,16314.8,3565.34,54.48,3510.86,369714.18,191.5,True
198,2026-06-02,23850.0,2026-05-29 15:05:00,82.85,2026-06-01 09:56:00,28.1,1,65,PROFIT_TARGET (66.1% >= 65.0%),0.28,27118.4,3558.75,56.9,3501.85,373216.03,193.3,True
199,2026-06-02,23950.0,2026-06-01 09:57:00,16.85,2026-06-01 14:13:00,0.09,1,65,PROFIT_TARGET (99.5% >= 65.0%),0.09,31605.6,1089.55,48.95,1040.6,374256.63,193.8,True
200,2026-06-02,23450.0,2026-06-02 09:20:00,14.4,2026-06-02 11:38:00,4.9,1,65,PROFIT_TARGET (66.0% >= 65.0%),0.09,27836.0,617.5,48.89,568.61,374825.24,194.1,True
201,2026-06-02,23400.0,2026-06-02 11:39:00,9.45,2026-06-02 12:44:00,30.45,1,65,SHORT_DELTA_EXPANSION (0.38 >= 0.35),0.11,15154.3,-1365.0,49.41,-1414.41,373410.83,193.4,True
202,2026-06-02,23550.0,2026-06-02 12:45:00,7.15,2026-06-02 13:30:00,29.6,1,65,SHORT_DELTA_EXPANSION (0.37 >= 0.35),0.08,22707.4,-1459.25,49.13,-1508.38,371902.45,192.6,True
203,2026-06-09,23600.0,2026-06-03 09:20:00,96.75,2026-06-03 13:47:00,129.3,1,65,SHORT_DELTA_EXPANSION (0.36 >= 0.35),0.29,21041.2,-2115.75,62.43,-2178.18,369724.27,191.5,True
204,2026-06-09,23750.0,2026-06-03 13:48:00,94.85,2026-06-05 14:20:00,32.65,1,65,PROFIT_TARGET (65.6% >= 65.0%),0.28,23967.2,4043.0,58.33,3984.67,373708.94,193.6,True
205,2026-06-09,23800.0,2026-06-05 14:21:00,27.8,2026-06-08 09:15:00,0.05,1,65,PROFIT_TARGET (99.8% >= 65.0%),0.12,21108.3,1803.75,50.08,1753.67,375462.61,194.5,True
206,2026-06-09,23550.0,2026-06-08 09:20:00,17.7,2026-06-09 09:15:00,3.2,1,65,PROFIT_TARGET (81.9% >= 65.0%),0.09,38931.3,942.5,49.16,893.34,376355.95,194.9,True
207,2026-06-09,23350.0,2026-06-09 09:20:00,18.85,2026-06-09 10:23:00,6.3,1,65,PROFIT_TARGET (66.6% >= 65.0%),0.15,20922.3,815.75,49.4,766.35,377122.3,195.3,True
208,2026-06-09,23300.0,2026-06-09 10:24:00,12.05,2026-06-09 13:26:00,3.95,1,65,PROFIT_TARGET (67.2% >= 65.0%),0.09,22653.5,526.5,48.61,477.89,377600.2,195.6,True
209,2026-06-16,23600.0,2026-06-10 09:20:00,82.05,2026-06-10 13:04:00,102.85,1,65,SHORT_DELTA_EXPANSION (0.35 >= 0.35),0.28,16890.4,-1352.0,59.84,-1411.84,376188.36,194.8,True
210,2026-06-16,23700.0,2026-06-10 13:05:00,67.85,2026-06-11 09:15:00,12.77,1,65,PROFIT_TARGET (81.2% >= 65.0%),0.26,14143.0,3579.98,54.73,3525.24,379713.6,196.7,True
211,2026-06-16,23650.0,2026-06-11 09:20:00,23.0,2026-06-12 13:57:00,85.4,1,65,SHORT_DELTA_EXPANSION (0.35 >= 0.35),0.11,15747.7,-4056.0,53.03,-4109.03,375604.57,194.5,True
212,2026-06-16,24000.0,2026-06-12 13:58:00,15.0,2026-06-15 09:15:00,84.75,1,65,SHORT_DELTA_EXPANSION (0.45 >= 0.35),0.08,14922.5,-4533.75,52.17,-4585.92,371018.65,192.2,True
213,2026-06-16,24250.0,2026-06-15 09:20:00,14.9,2026-06-16 09:15:00,2.0,1,65,PROFIT_TARGET (86.6% >= 65.0%),0.1,21163.0,838.5,48.82,789.68,371808.33,192.6,True
214,2026-06-16,24050.0,2026-06-16 09:20:00,12.9,2026-06-16 12:15:00,4.1,1,65,PROFIT_TARGET (68.2% >= 65.0%),0.1,19403.8,572.0,48.7,523.3,372331.63,192.9,True
215,2026-06-16,24000.0,2026-06-16 12:16:00,9.9,2026-06-16 13:37:00,17.85,1,65,SHORT_DELTA_EXPANSION (0.35 >= 0.35),0.15,11119.6,-516.75,48.94,-565.69,371765.93,192.6,True
216,2026-06-23,24500.0,2026-06-17 09:20:00,23.5,2026-06-19 14:35:00,7.95,1,65,PROFIT_TARGET (66.2% >= 65.0%),0.11,12731.1,1010.75,49.95,960.8,372726.73,193.1,True
217,2026-06-23,24400.0,2026-06-19 14:36:00,14.05,2026-06-22 15:07:00,4.9,1,65,PROFIT_TARGET (65.1% >= 65.0%),0.09,11014.8,594.75,48.85,545.9,373272.63,193.3,True
218,2026-06-23,24200.0,2026-06-23 09:20:00,9.15,2026-06-23 11:47:00,3.15,2,130,PROFIT_TARGET (65.6% >= 65.0%),0.08,12031.1,780.0,49.35,730.65,374003.28,193.7,True
219,2026-06-23,24100.0,2026-06-23 11:48:00,11.9,2026-06-23 13:00:00,4.05,1,65,PROFIT_TARGET (66.0% >= 65.0%),0.17,11119.2,510.25,48.59,461.66,374464.94,194.0,True
220,2026-06-23,24050.0,2026-06-23 13:01:00,6.05,2026-06-23 14:19:00,2.0,1,65,PROFIT_TARGET (66.9% >= 65.0%),0.08,17991.8,263.25,47.91,215.34,374680.28,194.1,True
221,2026-06-30,24350.0,2026-06-24 09:20:00,22.1,2026-06-25 11:57:00,65.95,1,65,SHORT_DELTA_EXPANSION (0.35 >= 0.35),0.11,12391.8,-2850.25,52.15,-2902.4,371777.89,192.6,True
222,2026-06-30,24600.0,2026-06-25 11:58:00,14.6,2026-06-29 09:15:00,3.25,2,130,PROFIT_TARGET (77.7% >= 65.0%),0.1,7356.8,1475.5,50.48,1425.02,373202.9,193.3,True
223,2026-06-30,24350.0,2026-06-29 09:20:00,13.65,2026-06-30 09:15:00,1.85,2,130,PROFIT_TARGET (86.4% >= 65.0%),0.11,15580.0,1534.0,50.17,1483.83,374686.73,194.1,True
224,2026-06-30,24100.0,2026-06-30 09:20:00,15.05,2026-06-30 12:11:00,5.2,1,65,PROFIT_TARGET (65.4% >= 65.0%),0.09,30714.3,640.25,48.97,591.28,375278.01,194.4,True
225,2026-06-30,24050.0,2026-06-30 12:12:00,10.1,2026-06-30 14:03:00,3.05,1,65,PROFIT_TARGET (69.8% >= 65.0%),0.11,19881.4,458.25,48.37,409.88,375687.9,194.6,True
226,2026-07-07,24200.0,2026-07-01 09:20:00,72.6,2026-07-01 10:22:00,99.15,1,65,SHORT_DELTA_EXPANSION (0.35 >= 0.35),0.28,15077.2,-1725.75,58.71,-1784.46,373903.43,193.7,True
227,2026-07-07,24300.0,2026-07-01 10:23:00,65.75,2026-07-02 14:39:00,67.3,1,65,SHORT_DELTA_EXPANSION (0.35 >= 0.35),0.26,14046.0,-100.75,56.72,-157.47,373745.97,193.6,True
228,2026-07-07,24350.0,2026-07-02 14:40:00,52.05,2026-07-03 09:15:00,95.9,1,65,SHORT_DELTA_EXPANSION (0.48 >= 0.35),0.29,8188.7,-2850.25,56.46,-2906.71,370839.26,192.1,True
229,2026-07-07,24500.0,2026-07-03 09:20:00,33.8,2026-07-06 12:12:00,38.2,1,65,SHORT_DELTA_EXPANSION (0.35 >= 0.35),0.24,7099.3,-286.0,52.24,-338.24,370501.02,191.9,True
230,2026-07-07,24650.0,2026-07-06 12:13:00,9.45,2026-07-07 09:15:00,3.05,2,130,PROFIT_TARGET (67.7% >= 65.0%),0.11,12793.8,832.0,49.4,782.6,371283.62,192.3,True
231,2026-07-07,24600.0,2026-07-07 09:20:00,6.5,2026-07-07 12:31:00,2.05,2,130,PROFIT_TARGET (68.5% >= 65.0%),0.12,24690.4,578.5,48.71,529.79,371813.41,192.6,True
232,2026-07-07,24650.0,2026-07-07 12:32:00,1.05,2026-07-07 14:16:00,0.35,3,195,PROFIT_TARGET (66.7% >= 65.0%),0.09,34760.3,136.5,47.57,88.93,371902.34,192.6,True
233,2026-07-14,24800.0,2026-07-08 09:20:00,13.45,2026-07-08 14:09:00,4.56,3,195,PROFIT_TARGET (66.1% >= 65.0%),0.08,10159.4,1733.66,51.93,1681.73,373584.07,193.5,True
234,2026-07-14,24400.0,2026-07-08 14:10:00,40.1,2026-07-13 09:15:00,4.5,1,65,PROFIT_TARGET (88.8% >= 65.0%),0.16,18626.1,2314.0,51.53,2262.47,375846.55,194.7,True
235,2026-07-14,24350.0,2026-07-13 09:20:00,8.4,2026-07-14 09:42:00,2.85,2,130,PROFIT_TARGET (66.1% >= 65.0%),0.08,20454.4,721.5,49.17,672.33,376518.88,195.0,True
236,2026-07-14,24300.0,2026-07-14 09:43:00,5.3,2026-07-14 11:57:00,1.7,2,130,PROFIT_TARGET (67.9% >= 65.0%),0.08,45520.9,468.0,48.43,419.57,376938.44,195.2,True
237,2026-07-14,24300.0,2026-07-14 11:58:00,1.75,2026-07-14 13:35:00,0.6,2,130,PROFIT_TARGET (65.7% >= 65.0%),0.09,43535.3,149.5,47.61,101.89,377040.33,195.3,True
238,2026-07-21,24650.0,2026-07-15 09:20:00,18.85,2026-07-20 09:17:00,4.3,2,130,PROFIT_TARGET (77.2% >= 65.0%),0.1,11256.9,1891.5,51.45,1840.05,378880.39,196.2,True
239,2026-07-21,24500.0,2026-07-20 09:20:00,11.3,2026-07-21 09:15:00,2.95,2,130,PROFIT_TARGET (73.9% >= 65.0%),0.1,21882.2,1085.5,49.78,1035.72,379916.11,196.8,True
240,2026-07-21,24400.0,2026-07-21 09:20:00,6.5,2026-07-21 10:52:00,2.2,2,130,PROFIT_TARGET (66.2% >= 65.0%),0.11,29466.7,559.0,48.72,510.28,380426.39,197.0,True
241,2026-07-21,24350.0,2026-07-21 10:53:00,3.3,2026-07-21 13:33:00,1.15,2,130,PROFIT_TARGET (65.2% >= 65.0%),0.09,35952.0,279.5,47.98,231.52,380657.91,197.2,True
242,2026-07-28,24600.0,2026-07-22 09:20:00,17.7,2026-07-23 12:42:00,6.1,2,130,PROFIT_TARGET (65.6% >= 65.0%),0.1,11012.5,1508.54,51.35,1457.19,382115.11,197.9,True
243,2026-07-28,24350.0,2026-07-23 12:43:00,15.5,2026-07-24 09:36:00,5.2,1,65,PROFIT_TARGET (66.4% >= 65.0%),0.09,12598.6,669.46,49.01,620.45,382735.56,198.2,True
244,2026-07-28,24150.0,2026-07-24 09:37:00,15.8,2026-07-28 09:32:00,5.3,1,65,PROFIT_TARGET (66.5% >= 65.0%),0.09,14461.7,682.5,49.05,633.45,383369.01,198.6,True
245,2026-07-28,24150.0,2026-07-28 09:33:00,4.95,2026-07-28 13:01:00,1.6,1,65,PROFIT_TARGET (67.7% >= 65.0%),0.09,28661.6,217.75,47.78,169.97,383538.98,198.7,True
246,2026-08-04,24400.0,2026-07-29 09:20:00,54.8,2026-07-29 14:03:00,69.15,1,65,SHORT_DELTA_EXPANSION (0.35 >= 0.35),0.27,8911.6,-932.75,55.66,-988.41,382550.57,198.1,True
247,2026-08-04,24450.0,2026-07-29 14:04:00,52.8,2026-07-30 12:33:00,66.2,1,65,SHORT_DELTA_EXPANSION (0.36 >= 0.35),0.29,7259.8,-871.0,55.33,-926.33,381624.24,197.7,True
248,2026-08-04,24500.0,2026-07-30 12:34:00,38.9,2026-07-31 12:45:00,48.0,1,65,SHORT_DELTA_EXPANSION (0.35 >= 0.35),0.25,6833.7,-591.5,53.16,-644.66,380979.58,197.3,True
249,2026-08-04,24700.0,2026-07-31 12:46:00,9.1,2026-08-03 15:29:00,15.35,3,195,SHORT_DELTA_EXPANSION (0.67 >= 0.35),0.09,5458.2,-1218.75,51.88,-1270.63,379708.94,196.7,True
250,2026-08-04,24750.0,2026-08-04 09:20:00,9.3,2026-08-04 10:56:00,3.15,2,130,PROFIT_TARGET (66.1% >= 65.0%),0.14,30137.1,799.5,49.38,750.12,380459.06,197.1,True
251,2026-08-04,24750.0,2026-08-04 10:57:00,3.15,2026-08-04 13:47:00,1.1,4,260,PROFIT_TARGET (65.1% >= 65.0%),0.09,34346.5,533.0,48.68,484.32,380943.38,197.3,True
252,2026-08-11,24850.0,2026-08-05 09:20:00,61.8,2026-08-10 09:16:00,21.2,1,65,PROFIT_TARGET (65.7% >= 65.0%),0.29,9696.3,2639.0,54.45,2584.55,383527.94,198.7,True
253,2026-08-11,24950.0,2026-08-10 09:20:00,10.8,2026-08-10 14:14:00,3.7,4,260,PROFIT_TARGET (65.7% >= 65.0%),0.09,25043.5,1846.0,52.27,1793.73,385321.67,199.6,True
254,2026-08-11,24750.0,2026-08-11 09:20:00,6.85,2026-08-11 10:39:00,2.35,4,260,PROFIT_TARGET (65.7% >= 65.0%),0.08,62320.4,1170.0,50.41,1119.59,386441.26,200.2,True
255,2026-08-11,24700.0,2026-08-11 10:40:00,4.35,2026-08-11 13:20:00,1.5,3,195,PROFIT_TARGET (65.5% >= 65.0%),0.09,53227.2,555.75,48.73,507.02,386948.28,200.4,True
256,2026-08-18,24650.0,2026-08-12 09:20:00,61.45,2026-08-13 10:30:00,21.45,1,65,PROFIT_TARGET (65.1% >= 65.0%),0.28,10660.0,2600.0,54.42,2545.58,389493.85,201.7,True
257,2026-08-18,24500.0,2026-08-13 10:31:00,54.6,2026-08-13 11:57:00,75.05,1,65,SHORT_DELTA_EXPANSION (0.36 >= 0.35),0.29,8955.5,-1329.25,55.88,-1385.13,388108.73,201.0,True
258,2026-08-18,24600.0,2026-08-13 11:58:00,42.45,2026-08-17 09:15:00,7.65,1,65,PROFIT_TARGET (82.0% >= 65.0%),0.24,8596.8,2262.0,51.9,2210.1,390318.83,202.2,True
259,2026-08-18,24550.0,2026-08-17 09:20:00,9.7,2026-08-18 09:15:00,1.9,2,130,PROFIT_TARGET (80.4% >= 65.0%),0.1,14559.6,1014.0,49.36,964.64,391283.47,202.7,True
260,2026-08-18,24400.0,2026-08-18 09:20:00,4.85,2026-08-18 12:41:00,1.65,3,195,PROFIT_TARGET (66.0% >= 65.0%),0.08,27644.1,624.0,48.9,575.1,391858.56,203.0,True
261,2026-08-18,24450.0,2026-08-18 12:42:00,1.2,2026-08-18 14:55:00,0.4,2,130,PROFIT_TARGET (66.7% >= 65.0%),0.09,64799.5,104.0,47.48,56.52,391915.08,203.0,True
262,2026-08-25,24600.0,2026-08-19 09:20:00,13.4,2026-08-24 09:15:00,3.45,2,130,PROFIT_TARGET (74.3% >= 65.0%),0.08,9257.3,1293.5,50.25,1243.25,393158.33,203.6,True
263,2026-08-25,24450.0,2026-08-24 09:20:00,19.4,2026-08-24 12:24:00,6.75,1,65,PROFIT_TARGET (65.2% >= 65.0%),0.2,11206.4,822.25,49.48,772.77,393931.1,204.0,True
264,2026-08-25,24450.0,2026-08-24 12:25:00,6.95,2026-08-25 09:15:00,2.1,2,130,PROFIT_TARGET (69.8% >= 65.0%),0.08,14638.7,630.5,48.81,581.69,394512.8,204.3,True
265,2026-08-25,24350.0,2026-08-25 09:20:00,6.5,2026-08-25 10:59:00,2.2,2,130,PROFIT_TARGET (66.2% >= 65.0%),0.1,30721.0,559.0,48.72,510.28,395023.07,204.6,True
266,2026-08-25,24300.0,2026-08-25 11:00:00,4.2,2026-08-25 13:49:00,1.4,2,130,PROFIT_TARGET (66.7% >= 65.0%),0.11,31611.1,364.0,48.18,315.82,395338.89,204.8,True
267,2026-09-01,24550.0,2026-08-26 09:20:00,53.25,2026-08-27 10:00:00,18.1,1,65,PROFIT_TARGET (66.0% >= 65.0%),0.27,8366.1,2284.75,53.44,2231.31,397570.2,205.9,True
268,2026-09-01,24600.0,2026-08-27 10:01:00,13.15,2026-08-31 09:15:00,0.19,2,130,PROFIT_TARGET (98.6% >= 65.0%),0.09,8700.9,1685.27,49.94,1635.33,399205.54,206.8,True
269,2026-09-01,24350.0,2026-08-31 09:20:00,10.0,2026-09-01 09:15:00,2.2,2,130,PROFIT_TARGET (78.0% >= 65.0%),0.1,16941.3,1014.0,49.45,964.55,400170.09,207.3,True
270,2026-09-01,24200.0,2026-09-01 09:20:00,6.75,2026-09-01 11:30:00,25.25,1,65,SHORT_DELTA_EXPANSION (0.35 >= 0.35),0.11,30840.2,-1202.5,48.92,-1251.42,398918.67,206.6,True
271,2026-09-01,24350.0,2026-09-01 11:31:00,3.35,2026-09-01 13:11:00,1.15,2,130,PROFIT_TARGET (65.7% >= 65.0%),0.1,53539.9,286.0,47.99,238.01,399156.69,206.7,True
272,2026-09-08,24050.0,2026-09-02 09:20:00,70.05,2026-09-02 14:07:00,83.05,1,65,SHORT_DELTA_EXPANSION (0.35 >= 0.35),0.3,11471.2,-845.0,57.8,-902.8,398253.89,206.3,True
273,2026-09-08,24100.0,2026-09-02 14:08:00,65.3,2026-09-03 09:15:00,76.0,1,65,SHORT_DELTA_EXPANSION (0.37 >= 0.35),0.3,10330.4,-695.5,57.02,-752.52,397501.37,205.9,True
274,2026-09-08,24150.0,2026-09-03 09:20:00,51.95,2026-09-03 09:45:00,68.85,1,65,SHORT_DELTA_EXPANSION (0.35 >= 0.35),0.29,7678.0,-1098.5,55.35,-1153.85,396347.51,205.3,True
275,2026-09-08,24200.0,2026-09-03 09:46:00,49.4,2026-09-04 14:45:00,17.25,1,65,PROFIT_TARGET (65.1% >= 65.0%),0.28,7900.7,2089.75,53.01,2036.74,398384.26,206.3,True
276,2026-09-08,24100.0,2026-09-04 14:46:00,38.05,2026-09-07 09:15:00,10.4,1,65,PROFIT_TARGET (72.7% >= 65.0%),0.26,7101.4,1797.25,51.56,1745.69,400129.95,207.3,True
277,2026-09-08,24100.0,2026-09-07 09:20:00,11.0,2026-09-08 09:15:00,2.15,1,65,PROFIT_TARGET (80.5% >= 65.0%),0.11,16425.9,575.25,48.42,526.83,400656.78,207.5,True
278,2026-09-08,23900.0,2026-09-08 09:20:00,6.75,2026-09-08 13:29:00,2.35,1,65,PROFIT_TARGET (65.2% >= 65.0%),0.09,46335.5,286.0,47.99,238.01,400894.79,207.6,True
279,2026-09-15,24000.0,2026-09-09 09:20:00,15.4,2026-09-10 15:39:00,5.2,1,65,PROFIT_TARGET (66.2% >= 65.0%),0.09,10179.3,663.0,49.0,614.0,401508.78,208.0,True
280,2026-09-15,23650.0,2026-09-11 09:20:00,11.75,2026-09-15 10:20:00,4.0,1,65,PROFIT_TARGET (66.0% >= 65.0%),0.09,9397.3,503.75,48.58,455.17,401963.96,208.2,True
281,2026-09-15,23600.0,2026-09-15 10:21:00,7.4,2026-09-15 12:58:00,2.5,1,65,PROFIT_TARGET (66.2% >= 65.0%),0.11,64176.0,318.5,48.07,270.43,402234.39,208.3,True
282,2026-09-15,23750.0,2026-09-15 12:59:00,1.35,2026-09-15 14:15:00,0.05,1,65,PROFIT_TARGET (96.3% >= 65.0%),0.08,194659.4,84.5,47.34,37.16,402271.55,208.4,True
283,2026-09-22,23500.0,2026-09-16 09:20:00,67.7,2026-09-21 09:15:00,23.6,1,65,PROFIT_TARGET (65.1% >= 65.0%),0.28,12811.0,2866.5,55.15,2811.35,405082.89,209.8,True
284,2026-09-22,23600.0,2026-09-21 09:20:00,10.6,2026-09-22 10:30:00,3.5,1,65,PROFIT_TARGET (67.0% >= 65.0%),0.12,13109.1,461.5,48.44,413.06,405495.96,210.0,True
285,2026-09-22,23600.0,2026-09-22 10:31:00,3.6,2026-09-22 13:03:00,1.25,1,65,PROFIT_TARGET (65.3% >= 65.0%),0.09,31786.3,152.75,47.62,105.13,405601.08,210.1,True
286,2026-09-29,23600.0,2026-09-23 09:20:00,51.4,2026-09-24 09:15:00,15.95,1,65,PROFIT_TARGET (69.0% >= 65.0%),0.28,7212.2,2304.25,53.16,2251.09,407852.17,211.2,True
287,2026-09-29,23650.0,2026-09-24 09:20:00,11.95,2026-09-28 09:15:00,0.05,1,65,PROFIT_TARGET (99.6% >= 65.0%),0.08,8495.8,773.5,48.44,725.06,408577.24,211.6,True
288,2026-09-29,23250.0,2026-09-28 09:20:00,13.0,2026-09-29 09:15:00,0.05,1,65,PROFIT_TARGET (99.6% >= 65.0%),0.11,25564.6,841.75,48.55,793.2,409370.44,212.0,True
289,2026-09-29,22900.0,2026-09-29 09:20:00,10.4,2026-09-29 12:32:00,3.6,1,65,PROFIT_TARGET (65.4% >= 65.0%),0.11,66041.3,442.0,48.42,393.58,409764.02,212.2,True
290,2026-09-29,23000.0,2026-09-29 12:33:00,1.9,2026-09-29 14:59:00,0.65,1,65,PROFIT_TARGET (65.8% >= 65.0%),0.08,135525.3,81.25,47.42,33.83,409797.84,212.3,True
